x;y;z
1250;15;33000
1,00E+03;1;600
7277,87345;5355,369361;1712,757713
5924,097845;2823,070391;7115,862728
2146,65018;9253,853642;3959,533932
4258,918079;7076,089118;6180,288347
1904,992732;7418,048458;686,9802343
6184,648678;1167,102156;371,1825316
2414,003892;2843,997783;5211,401078
1012,549198;7794,035586;1589,853118
397,5584945;5131,646205;8687,337211
7741,87903;4990,80936;5788,7931
3089,961831;8895,783344;9079,57987
7787,49853;4891,076539;7606,297496
9342,409423;8164,236842;4716,106525
3452,95441;4155,865738;8442,485251
3302,301044;2836,179435;8944,576
8246,393524;7857,611745;2497,230236
5578,926018;6153,000674;1306,773039
5851,656835;1373,382211;2093,360617
7002,523409;740,2028192;9997,299917
4808,240021;1594,521961;5698,414524
8565,014722;7382,255359;5892,121649
9865,173648;8158,310447;6763,224636
6894,030602;4090,982108;8312,00891
9474,386914;7982,058806;7998,599276
1136,37916;7993,913881;6240,69194
587,1431057;7529,460951;385,6041632
9070,930601;12,60953347;2725,986793
2826,2812;6859,830622;1517,747326
4694,130672;4565,69088;4910,342138
4472,519601;6652,189045;268,6426007
2919,600192;1444,193487;669,2254377
9048,956965;7582,031653;266,9188114
7203,844342;1577,529179;5004,360128
4973,838847;2764,935757;92,09884987
3161,657104;7365,218106;9559,410341
7259,193938;4075,001919;2676,383895
4541,302393;6531,933508;2946,143781
960,4984597;9008,538332;1760,886706
2702,282106;894,4915067;8883,511074
7581,733463;2617,774369;3170,546132
8021,462968;6111,075147;3457,664319
2636,72663;9152,266388;1585,95462
4982,626265;2199,44029;9461,205606
8676,23944;5247,609671;8330,033398
3182,115924;6905,734279;7396,880068
7546,759657;5961,649617;8855,370442
8798,173176;1392,625763;8352,886573
6761,522345;4244,14017;3366,382538
2521,092318;5593,781786;3086,318468
8399,270878;9861,111872;6286,73233
4303,884299;7237,966521;3323,928849
7101,499254;8215,20328;7973,261256
483,1843701;4631,171769;584,1206781
5429,432791;6597,158597;2941,231676
9906,937925;6903,386279;8556,688142
3533,913758;6841,812407;6906,367991
7270,498616;9292,11384;8331,168187
8624,050477;2053,231849;3549,013033
381,0111444;964,8178618;1435,080009
5768,619976;7287,103604;1221,561405
4000,82465;5319,217127;4722,767933
7400,257408;5516,789581;1413,494645
211,9424893;6351,318672;8678,749258
2407,266327;6770,240472;7084,194037
9969,448292;3091,866757;2390,266362
6097,751115;234,2753902;5285,409187
4568,71098;2150,337114;5974,969443
7016,26911;6115,235146;6010,85377
3669,923942;910,5438787;9003,46116
5869,891466;417,2862079;8456,236774
7320,269114;2389,454452;1790,82665
3647,642607;9085,269185;9695,499331
4511,223611;3278,246668;7781,449097
9319,072442;2662,502632;9763,113616
7218,875377;4807,506942;9447,946447
6728,320569;5332,787189;9842,014008
1351,763115;5171,040206;114,9420792
3833,3633;9480,979002;6303,739739
6339,635635;1800,996537;8797,370044
1430,809176;2255,071159;515,0404857
103,1316114;699,8839534;5529,33401
1688,586934;3441,18517;6767,141725
778,6666972;5112,930451;4753,145846
8381,097747;7413,148739;4703,14767
9984,138778;8311,68712;4886,254737
9317,870002;1030,411383;4891,248578
4268,801535;931,3494561;3791,610242
2524,686625;9604,818995;7202,504682
97,52702786;1019,180921;2289,051555
2180,047493;8968,948939;7189,982171
7781,241073;5572,841937;7570,983605
2792,153963;1844,218182;1803,798412
4506,580804;6307,18482;3124,114888
462,2731912;1363,652414;1186,961356
3561,804816;550,9175477;5714,895692
9376,999405;4727,800046;1054,273304
5235,036641;6400,886888;8640,771746
5568,974038;9314,352889;8553,862783
7851,14605;2860,832543;9416,04724
3463,513318;1239,229643;5565,641169
4779,575612;4087,133169;7341,383722
5373,08107;2926,744183;4576,67869
4735,336019;3872,953714;4945,814712
8648,016499;7750,224505;695,3103228
8009,409772;491,2850765;2857,811732
1709,111708;1353,307968;8167,181966
3810,578872;3705,720251;2494,862096
5764,292758;6453,539939;2682,114998
1053,150337;6324,214916;7865,447356
9674,682876;7966,508145;4705,375609
5320,667551;2085,63842;7915,168834
1747,459202;319,3614201;4145,766475
6914,377828;9015,399192;4179,78513
1370,902135;6955,98592;3385,584773
7814,441739;5967,760993;6536,200393
8392,686403;4601,703325;561,2691853
9203,783963;4707,722856;6070,881901
8238,136788;1230,217944;6333,248802
2414,830141;5677,029986;391,6941843
2703,009584;612,9885562;520,5154055
6012,552134;7807,883105;9885,617812
1103,723545;8085,077337;6892,797237
358,9808825;4979,07676;5441,985879
324,3863627;8387,659832;8051,281756
5875,447296;7738,29212;8752,710078
2307,797476;4496,408261;3918,092928
707,6274862;7500,605232;9118,521735
6329,254496;8183,071749;861,2920743
2706,472477;1498,539214;6877,143869
7960,823739;8750,520399;9260,462432
4134,367105;266,8056038;2317,840004
2439,322891;5434,760206;3188,419002
476,1885931;6386,597436;3622,445352
2517,876871;1062,869271;9400,178629
4123,89855;7207,996269;454,5978921
1128,843215;7209,490895;7339,631994
7337,062594;5208,152171;2113,91032
6577,962621;6489,274872;8381,160219
6156,221902;8506,28002;6580,615882
7579,341829;2233,460726;2298,086489
8743,555257;2406,890217;4461,850517
5916,269372;5956,854761;1476,296173
8903,316413;5385,504945;3988,30162
1252,211581;3649,303372;5079,508704
1080,924908;6780,973649;2949,774756
5031,705453;4229,744741;5114,118229
1523,829779;562,8876578;6826,971218
2033,501879;871,2513905;5051,778632
4202,34668;5148,093534;6398,172786
8718,041175;4758,063907;6840,383424
768,427719;4740,222543;6327,281235
4480,818186;7959,761087;897,6582291
553,577348;7902,544923;2013,365218
1910,873277;734,4810432;6127,867634
5518,773698;8125,732697;9280,521951
522,3007901;7071,572497;1981,303063
7817,299127;8598,806262;7281,442854
3463,969016;1138,673923;7793,545786
6649,505728;4384,242724;3837,570645
9116,14988;4530,733771;9406,395066
7690,05321;493,5573194;4868,938564
6860,749509;6559,531404;7218,024972
4547,992396;9176,568187;1989,198275
1599,471504;3403,503226;8403,341856
2861,122073;5095,266351;8565,970253
8294,006928;2319,491843;6889,555346
7937,922065;5006,182849;4037,712005
3925,880439;9971,280327;1101,240577
9232,004049;3357,33009;9289,993743
996,1582958;7573,590211;9309,135775
4399,461494;8017,692657;2690,709564
7710,936409;6203,904897;670,5336621
1139,434898;6729,496607;9982,453938
6959,600004;3103,068391;1131,72688
3848,924551;4287,771466;5167,125871
598,9117624;734,5316286;3040,813381
1226,318218;1512,595515;4963,168515
4314,441552;2126,490903;2651,656465
6418,924579;5221,554065;6443,458918
4932,396638;7808,10067;1712,492321
2046,28823;2516,397005;977,8195053
33,0993832;3848,073991;6355,275851
2345,777754;5448,471167;9486,832652
2440,843938;9583,224849;3892,082564
1239,826135;4144,05592;570,3133363
4616,428595;6849,358573;9517,076785
4118,957019;2989,212024;828,4429421
3547,646821;4929,673781;822,2252664
8947,439984;8489,539008;4914,852888
2985,015233;9315,484047;3878,892126
3565,617169;3118,980517;5893,342549
6924,814481;7117,516055;4995,930568
528,2522722;6332,909711;5458,972475
4768,067879;6028,090218;8794,556793
3996,413619;9412,289378;9245,894022
1286,586522;989,3148742;939,7682354
6932,709503;4317,305797;1387,555809
5592,153246;3534,315001;4778,364637
5842,415838;6183,679246;6996,04315
7978,07576;5251,718686;4906,680351
5205,674172;9503,223037;1772,156681
629,9497947;6806,717786;5510,958922
4547,658372;149,1582361;7891,7322
6322,478067;2943,486164;3794,933403
3888,091418;8528,633329;43,32897309
8309,719446;1918,436962;3907,682457
3248,236191;7559,142445;1269,394348
319,0006405;8589,557824;4596,040128
4549,303489;5159,213037;6409,559556
9092,574095;2743,541942;99,08374306
814,4145444;8614,26408;6540,15408
4554,36832;6975,240715;6715,194265
2323,814018;2169,053771;3813,015822
1813,018003;1644,879865;1142,847005
151,971884;8413,234458;3157,706328
6428,827632;5867,091963;1060,610158
1105,397001;696,7462869;2896,194152
1546,608062;3027,483201;1538,779759
5301,829335;9550,088093;2214,408135
3577,592658;3544,172522;5069,772009
734,843198;4721,968037;633,5620628
8797,683672;3719,395644;2726,60034
5373,346673;2447,479184;4119,93293
4172,847182;7504,088719;2813,880541
6291,573294;9467,562895;6973,147129
915,049629;8179,94826;8204,713993
5466,814544;4518,109988;4893,301348
1743,991938;8192,522432;5952,254971
7678,288858;8229,912217;2930,31331
3912,601155;4400,298514;6652,545404
1865,130158;8076,699059;1589,507474
526,8603584;3182,271555;8467,766181
5081,933387;9784,176716;2578,534533
8200,711845;314,7657541;3696,288885
7401,531115;9682,537261;6281,965832
5801,212147;4771,383569;2260,710927
1757,861873;2196,67179;3715,389329
4458,260092;3929,701244;1906,194253
7501,932858;6962,449387;80,79996761
2408,967391;8822,691592;7294,852688
8985,690932;8871,037339;4344,554454
4196,831641;7062,164792;1344,492869
8947,787411;4882,330783;6505,020953
3587,908635;6379,284414;369,5661103
9420,572172;5472,534743;5664,934663
4744,720685;4432,237196;5348,563517
9444,565259;9230,724424;8884,395694
5408,641365;1532,398379;2814,360777
7940,507244;9482,560435;6316,712688
4157,564613;9511,870123;7707,456352
1176,738604;8416,30131;6192,706639
5183,468484;233,9048443;9888,170296
1517,461762;9296,48897;1418,099994
9123,151404;2814,028905;2914,367175
2993,887916;3869,865061;2921,001041
754,1403619;3956,438261;505,1543287
9043,817348;5643,063528;5581,220874
1533,287544;4259,462247;7008,248988
1096,788165;687,7352354;2940,107082
9809,801793;1751,993403;2941,308263
9950,810198;647,6083762;6766,535365
6212,690842;6423,872387;1356,420607
5786,696345;6869,487775;6661,230881
9348,797264;8089,941934;2480,977821
7714,390615;5787,057218;4120,16376
3625,659501;2640,531789;3834,268068
9297,386395;4735,418659;2892,678323
9122,833378;4754,081731;6514,848702
1651,404115;8084,774013;4602,450623
1414,379269;8084,222873;9363,949283
9017,069783;5113,244773;1908,444548
3933,554753;7164,492508;4176,155532
2214,873208;8525,263561;4946,849231
6181,309678;9768,726617;7132,355061
5937,947279;4625,155415;9119,990917
6801,103307;2150,95095;4567,802692
4214,68496;6031,219827;4298,418898
9750,914889;555,4449125;7095,623272
7105,08687;4364,475384;2854,11586
7469,452371;7849,225672;7288,146705
9480,267045;9499,557297;7020,460301
9002,022862;2046,082798;906,1357876
8412,2957;4072,219945;4264,635432
1383,491874;7826,154426;6109,34293
5383,808192;530,2989051;6640,911174
3412,077188;9829,802391;4679,232138
8568,918949;2823,705653;9729,516864
3272,897298;6464,503448;2787,867651
7001,131414;8789,559717;1437,854924
1153,018864;6743,204069;2575,840079
2671,948146;8162,474102;6309,134025
4638,922896;919,5725393;9109,517689
8011,661829;9471,185132;4756,60376
4126,953918;1638,769702;7766,315569
409,3872719;7842,313637;1921,613679
2440,866942;5386,895281;9838,759687
5003,718593;8328,25414;9193,220907
7959,403053;4931,081129;9691,356657
4355,047208;5163,897653;2113,713835
9833,152514;6973,307401;3228,651118
3094,468324;5114,39705;5402,578056
3038,120026;5714,362718;8370,947478
8778,050818;4650,293284;2346,774308
2381,427325;5676,17944;7173,775573
9245,222472;5277,361419;4292,625844
9142,033798;6966,065843;194,63734
2059,999235;6032,273794;7806,085577
3869,678338;2311,390867;4816,672603
2994,086484;2601,873754;3918,929316
9794,747781;3958,067613;9838,851316
5707,229297;9946,554695;8881,171144
1046,115836;3769,01205;8650,17513
8673,456532;2319,636202;3213,885174
5001,582742;5260,418311;5065,154614
7927,073348;7077,508497;4556,294594
7915,666624;1014,312453;2857,19531
2247,719191;9175,744803;7463,860896
6408,453504;3594,199544;9856,230673
9608,446189;5189,718262;7304,510488
5021,660322;9749,914344;7924,223526
6618,561903;5042,256535;1487,645068
7777,023828;7550,929264;8369,984776
8758,81591;7065,035709;5227,835781
3182,855076;4529,984386;892,5999013
3766,951246;9042,820676;8456,717942
1588,333137;9941,284135;9652,640571
3073,046851;2628,307289;6996,716007
2154,691916;5229,713075;626,8575943
4835,235312;3227,705509;7781,281234
3249,830427;1915,286983;9759,775516
3363,748715;7286,691967;1908,127557
8035,762527;1486,966716;2305,024874
4272,010159;6057,762162;7744,556855
3236,186454;2537,71156;2946,706394
2296,141636;6715,68886;6758,542285
4892,93533;2839,309699;3397,576012
6563,427912;8400,199461;456,4317774
3686,787428;1152,47442;9188,562158
3871,302166;4571,93514;5510,942753
7423,532369;80,48931043;7596,54729
6662,514492;6633,211065;901,1848025
416,6700188;5948,589526;759,2073122
5623,686375;566,4506733;5449,346222
7657,811577;6811,056748;5100,311917
4587,636496;6132,92326;9719,313777
7938,368322;7544,314794;6409,212603
4855,54181;5544,410858;5996,693971
8351,861601;3178,47371;4392,071278
8124,746013;939,6170546;2701,76272
1939,754332;8690,535435;6973,908206
5251,657231;8892,975205;1109,516071
3897,470685;2776,792953;9752,187485
6150,679833;7961,463135;6543,863454
8501,717392;9081,914406;2590,463599
2834,368489;3251,076372;4882,114945
1991,162035;6782,791825;8642,829596
7145,306129;4628,853037;8590,866427
5138,499991;1489,28906;9914,010053
9124,934757;8009,545942;9035,081174
6972,874295;5434,180981;3893,77957
5269,804525;997,638896;2688,595224
1653,388177;8285,137412;8211,409867
5895,865356;2953,438302;8858,519453
2119,175486;6787,082461;4083,05105
1619,057701;4655,226773;1147,931277
9665,118123;1803,754761;1308,466396
7915,310982;7846,898274;5633,819968
7062,938165;4161,639598;4724,568414
5733,715074;5994,413274;49,41380868
4706,125306;3480,116575;5208,35116
8959,787176;7440,619106;6294,909267
6154,978153;3507,91678;3765,644909
1141,724339;4174,578996;5357,79988
9454,030636;9755,723425;1415,250055
444,0810298;4052,936551;2976,656025
3116,881692;674,0957035;7029,614049
6657,491588;9455,900933;6798,282357
3533,919506;6462,957432;6558,840086
3322,357621;8785,233813;4203,026373
5694,101867;5572,005323;153,2285998
1311,896977;4415,799751;9114,038865
7346,267381;9786,860752;841,6978039
6096,831941;8354,791755;4112,797958
80,95386405;5469,522458;2823,097167
8551,851784;4805,411966;635,7308875
627,9071243;9689,827439;4317,034821
7935,728139;8537,499084;4776,063625
3850,040896;4790,946508;6410,762349
1271,838904;7580,082039;2281,290621
3125,615165;7677,58442;6087,274759
9923,637243;9564,798553;6839,636373
400,9110834;7638,584222;1924,744713
5075,397116;5985,194267;7513,906872
7981,997384;617,3933309;2831,669737
300,6953399;2392,783063;7029,879915
5473,578461;333,9781742;4444,929849
5038,132129;1891,958035;5795,149136
7937,12548;9136,600078;5985,670823
4259,225765;9777,891981;4338,642316
6783,969864;7257,322484;9579,928902
3643,197187;8798,638028;9051,351604
2249,891992;9438,846711;7909,984679
4255,403511;7575,271168;1129,505132
9837,080124;7733,765469;9093,050205
9540,916158;5088,46722;1353,690991
278,9369366;1407,637749;709,2272733
6587,320168;178,3263807;7349,325804
7984,41725;2746,897729;2407,981514
3919,434102;5603,515643;1181,394205
6096,311698;3577,665636;3318,751014
7608,328987;1043,383014;2718,685546
9643,07911;8491,094618;1042,20064
651,0690712;2613,257153;4687,90209
5794,66131;4002,50439;9423,943556
703,1397384;8044,205999;4407,904528
2328,694025;5200,979994;7109,338555
1247,334293;5686,836073;4948,357721
856,9938233;669,0846022;5238,666861
9117,248422;2501,596105;9881,03697
2593,305604;6737,191999;846,0569169
1149,915643;2894,104603;9047,781901
1877,707465;5750,030784;4941,371906
2616,814694;3988,530386;4759,590519
9111,224073;6441,00001;8458,705598
7251,93514;1076,465065;8729,19935
5238,283003;7653,71658;4589,659187
9926,438229;8118,600277;3610,362604
1882,239942;9453,789868;3887,28777
9707,5345;6033,147297;5660,556723
6511,606092;1698,321527;5232,72279
775,6683535;8871,223214;6426,066333
7030,496462;1005,518971;4186,866424
2636,332251;9068,64092;4407,905523
3289,002142;9575,763506;3181,775432
5963,613401;8414,517088;1575,164482
1813,275533;1199,612358;466,4201333
626,5922317;2658,600877;8396,122204
2039,027675;2661,379399;3076,069522
6276,670845;94,96023081;8332,774327
6390,154567;6972,777062;3535,939632
493,4494171;1401,712978;5239,138696
4206,367732;6806,832799;2152,320687
3277,227898;9916,981528;9004,261583
159,5783697;1811,892045;9030,956392
6013,833138;8996,320702;3680,585537
1967,364913;5549,261792;137,764965
9205,76092;8368,976725;5033,630276
7222,977343;5876,306022;1087,50132
3399,65612;909,8223371;9874,985129
7597,32509;3630,530486;9011,968515
436,5036578;6678,743061;1351,446556
7019,118234;1474,934403;8155,11078
681,9244209;9691,465258;4995,040772
2158,672888;8761,092764;2303,795725
4713,491975;8669,26801;4617,207397
1525,151387;2410,437114;3693,651053
6435,790526;97,3669717;5073,085102
1558,341356;2584,918862;8281,870894
3965,564156;9607,858744;1058,608567
3064,934963;1430,642251;4409,258034
5731,743684;2864,669379;1133,725153
8506,881371;2326,50556;1933,853261
3641,37985;9164,322096;6532,529823
8812,249807;9901,973868;9524,209375
6436,915752;4012,364999;4186,110925
2366,425565;2977,942067;1433,263482
743,859983;9551,117003;8898,074266
8870,728779;5805,957569;5238,382468
1635,595959;5580,625286;1719,826546
7044,302017;2733,108843;6267,129973
1656,740422;899,6269937;494,9032757
7057,591237;5702,852677;4017,746856
1601,252434;1557,857247;1918,285132
9724,906061;3948,632137;804,4456049
2754,567461;154,2272832;532,5856362
1465,710954;2598,635896;7865,100676
7911,574085;2388,657545;2152,83017
5876,624071;5538,745774;7567,987936
2423,669996;4543,560139;359,4773972
2904,818221;4428,922621;8421,491097
2542,895224;4434,162929;2602,002313
8730,949708;7414,118533;5118,256848
7566,916721;7666,557608;3422,373662
450,7889843;4626,121145;9640,621784
6671,578479;8946,894725;9536,179082
6054,913954;1338,268947;4071,905858
5836,520274;8756,147671;4822,463578
1445,309195;9001,402376;5286,617324
9536,93534;7591,693879;7254,347127
7451,353031;1291,719469;3909,713916
8990,349478;808,1561996;5336,863281
1512,894101;9904,243047;915,0222946
3801,051897;6178,97883;5728,213689
898,7185453;3794,690354;3158,122933
7061,809501;1889,730717;1912,893849
9814,917693;2189,761815;9509,986648
1461,18717;7731,690277;53,40495854
5405,249008;6018,612802;1345,75655
863,89844;3896,4012;1345,766502
3602,886213;7769,962715;4466,657979
3074,737817;706,3769247;2659,360509
1015,482898;9403,875026;6734,027584
3717,638087;1382,921274;3236,068137
8197,40605;1728,66977;9679,917909
8664,094876;5231,671789;7700,33497
9330,103304;4235,662032;7547,188452
5978,319702;3736,354671;3722,761507
1764,960596;9980,192042;6101,451865
3919,057259;9358,753316;7372,692608
9328,15306;7675,094841;4638,122407
8166,481209;6693,126859;8568,530436
5916,652181;5884,17309;6375,605178
6847,232404;4213,212498;9922,990698
752,2673093;9369,417741;1813,516154
2384,469914;5487,64343;293,38827
1622,91599;2444,468937;4749,438629
1479,713383;7052,719697;7364,577437
3690,898831;7070,976662;4681,178848
8969,210988;561,6169056;7737,004408
8146,964338;337,7336055;7644,374518
8207,675358;1935,573222;7254,202946
2522,166299;7067,010824;2877,229839
3850,191458;6152,411383;6721,104599
1692,294622;1574,464517;698,1405147
9119,260767;9378,076098;3152,210306
3190,411718;8535,508617;1566,155244
9048,666669;1890,01543;4620,528755
6938,949436;8860,83976;5950,215641
9757,981513;4138,508662;6889,689395
6861,719987;442,9672051;8918,705243
3885,501929;7316,202297;9732,073164
5719,696725;9259,818753;5983,220228
7042,928634;6298,143161;9229,022956
6752,988997;2755,710135;4831,578843
189,9549932;5659,510862;417,6222897
8220,256416;8254,394005;5401,875629
3419,447288;6258,371233;8682,582376
4286,35259;5990,892549;8057,04488
5708,469166;2978,781846;8314,38244
7646,781156;8812,299791;3870,885467
2774,167806;9017,728958;9038,466736
5418,395289;2666,060137;4211,529718
9610,090522;8538,704149;823,1125985
2888,898602;2362,962296;6056,229134
3119,922178;3157,136593;5725,859974
7002,148893;6788,529099;2758,133021
7798,011726;8349,272812;8584,122953
1942,492415;2171,85902;53,31136559
4142,815867;7448,679619;1071,180726
8312,45327;3498,627978;452,0007697
210,2065002;2832,955454;8639,864046
6972,564183;8514,8674;3967,060391
7619,342495;6058,49746;4905,426796
6410,649952;738,4849485;8641,082386
4722,038998;5317,666095;6685,833474
2634,39339;4256,952926;3003,63126
3844,056849;4777,502231;6093,288105
3173,090408;9799,799511;7030,191411
7287,428831;4513,84899;7982,803337
9721,282286;3088,145626;2522,88409
8979,565935;5924,895265;1520,314557
2282,995416;1397,026948;2289,976467
9901,802024;2361,250652;7726,306977
8283,739017;3424,624231;1824,331501
7078,203428;8799,116444;6159,877958
9546,303363;3475,267712;5252,831536
9308,250435;351,7013651;8505,855659
3970,324374;4030,553473;1440,62922
5312,063707;2634,798811;7153,808274
1073,49118;3617,080547;2243,753505
1388,532118;5737,682523;561,4962316
5940,912401;2766,108116;7541,597393
9290,405582;4840,819386;2061,897845
301,7320124;9774,369767;9992,167894
4500,852774;6516,614455;5606,010192
8842,897211;8476,267026;8821,813006
4228,486018;1073,906537;6067,426123
1228,735087;48,09643815;9482,809644
2777,272462;8967,101729;4428,435027
1207,808325;5636,706161;7509,208041
8033,489596;4454,519964;7061,186965
209,2231313;5133,804024;3474,703332
8362,662362;6866,386799;7865,30254
9995,863771;6463,44331;4932,143986
836,3453648;4549,408278;3353,53056
2135,694733;9029,824665;3313,748468
3814,735892;7851,77355;1118,006634
8702,839716;2468,256582;5222,530448
1227,870917;6552,419754;4885,820683
1250,995945;2838,614487;311,3518199
2530,31561;9277,969992;5777,825975
3665,526106;4924,607792;7856,431778
3079,904303;6394,17012;2629,124398
172,3783372;7783,612487;4357,307929
1680,810521;549,635659;9183,952033
1443,287704;9402,966551;8663,608201
339,8104031;8893,351058;5037,105911
8274,982366;1241,475603;301,8824418
8509,99851;9001,198737;6114,367106
6904,078457;4632,466486;4896,743922
2130,760291;7711,322792;4715,010504
8297,037846;9055,717222;8972,135093
3996,559302;7290,151228;8807,55773
9434,762374;5775,101146;9327,976627
6062,491735;3527,617283;9943,559106
9157,480973;9397,039202;7334,939767
3078,609546;7302,204989;3362,1512
3085,443146;4182,340715;3693,79935
8543,631416;9473,893189;3216,203599
8280,554709;3461,212745;1428,26542
5775,452773;5570,143126;4732,879401
8980,534962;4502,671949;9201,335571
2342,216656;3182,680268;2950,266811
4057,570392;8097,411092;9833,59615
1152,484231;3205,218168;5294,784041
6851,765084;5961,549756;783,184395
605,4239869;6968,733822;2993,65843
6427,890235;6663,876159;7792,09416
9841,78555;3533,884352;1721,60859
8806,795427;6155,506898;2115,267642
4978,650713;4278,105565;6649,529439
4317,090711;5575,980508;9055,52763
6576,309209;417,9644861;4406,40098
6796,611747;8615,947531;851,7917101
6457,429547;4922,709745;1908,399103
740,3935366;2623,434933;6804,525067
6840,425107;2261,041634;4027,749091
981,7928974;6133,563145;9830,319297
713,6465827;6743,494465;2138,25042
7005,959848;2671,554225;1266,812371
7358,237253;2411,289497;1037,17592
645,2962229;5287,407238;9413,273716
2886,418695;3456,917974;9186,973621
8174,603631;1252,940968;1593,682572
8788,760191;9758,28709;2785,533793
2684,924303;1743,906651;3444,962805
4975,648969;6334,607543;1515,535017
1288,437462;6873,199269;3427,624112
9401,162803;2098,510157;8032,410676
2246,215321;7891,856161;6034,373484
9526,964089;2839,020259;2848,953367
192,643905;3361,670509;9096,19708
5564,971921;9879,886169;7126,086331
4034,440934;1167,63232;2456,338292
7328,053705;425,2121289;2171,921467
9655,772635;9706,04041;4037,518842
1676,883235;1208,285434;2936,256404
8703,306293;9572,338726;7757,762353
4597,631996;598,6125467;367,9699886
2032,111294;229,9518283;605,5867507
7005,66916;6623,591551;9760,770685
2860,885391;3764,680037;5113,846468
4106,239094;8265,446635;5480,743616
8996,995203;9718,346527;2661,484562
3842,277312;5878,183106;2651,342
2745,101663;7306,509072;581,6216241
47,56891306;7193,691488;9359,773682
9291,158028;1118,208172;7440,718832
2007,299155;9844,479261;2635,671554
867,5084426;7772,901901;2941,596504
3560,913017;8015,245202;925,0050427
6489,784634;9102,191894;2700,336904
8697,628886;7210,902659;8806,277828
3957,503722;4642,484444;7662,232431
1781,677852;8458,577332;8752,975048
4408,685468;197,2686424;7466,437938
6320,792133;682,1026729;7216,277811
2554,61674;9426,276343;1570,239977
2119,012732;3751,427883;2956,905567
916,0567224;8543,996082;2162,929664
1257,776473;7828,322816;4390,743306
3284,582875;7510,900619;5623,262175
1236,998338;8135,315638;5829,352379
5298,419623;1850,58979;3086,937823
6747,849508;4871,399047;9194,14646
3363,877972;9817,95085;2610,892165
8766,616469;1445,937408;9497,574845
341,982621;5071,745557;994,2906829
520,2699909;5550,13652;7979,331637
7158,776737;4422,299904;4197,803038
2404,724059;1650,269257;591,2577072
8569,356588;8988,419978;2678,862193
3776,849765;6981,035367;3129,494644
7490,111251;2699,464942;160,988736
2310,893924;3525,056516;5987,547422
5565,434865;8659,178311;8917,935818
6956,054645;5457,022431;9136,905467
6042,549583;8739,299452;632,8257766
4883,961856;6000,780759;9768,398637
5313,313867;4809,211264;7754,132876
4539,025352;5194,752966;1343,174385
7391,020148;2561,601586;522,139598
8383,609885;3295,472082;5707,35589
2660,669815;7270,017381;1533,250317
2760,186515;4593,709976;751,7957674
7635,630396;1650,857586;7830,820601
5980,226839;82,12206673;411,2111208
8250,013299;7570,440148;1415,509216
9467,022167;8776,117965;3255,916968
8588,807537;4198,453344;2162,708947
8530,349206;1728,879075;4118,268906
8039,652163;3283,152748;5292,726482
1822,578269;1362,272562;8758,97078
4824,970173;5542,845552;5733,573732
3434,89265;6355,47908;8737,722408
5026,098266;9012,005088;840,6871068
26,46989062;4901,032347;7863,270819
8511,399421;1269,240799;2614,389679
1616,992107;3804,378342;6879,255603
8178,122085;5618,035684;6979,388726
1469,400823;6276,17877;4790,915111
108,5120155;1023,238169;3672,087958
8426,275709;1771,408714;1785,120667
8003,511416;3607,0346;4311,476784
2209,907793;2357,258211;7645,216998
3981,491556;8980,23622;8465,533879
5199,249436;1066,809863;27,144598
8278,061377;3606,762059;6582,008788
6964,513171;6847,165096;8370,171467
5996,812025;8174,717751;5470,702335
1787,655781;2919,63953;5035,527336
6947,46696;2779,908167;8569,130408
5529,587693;9111,577201;8331,664254
7830,067832;7342,037191;6245,353889
3972,317751;3547,397148;9728,358692
6172,479522;250,321546;8345,547991
2425,601286;5240,633307;9470,406505
5138,827512;9933,420487;9368,194925
150,0677656;9715,516345;8873,138975
2790,870073;1302,688442;981,0230733
3570,962182;1066,522858;4017,369779
7507,297179;2321,634004;898,8246921
7897,367349;3993,501703;9330,218571
894,104834;7894,146965;4075,040426
4536,666014;7679,941584;4242,93421
8669,737558;336,3000698;943,6902284
7767,137167;3586,567326;6536,985067
1349,702873;1757,791224;8484,435023
9419,603753;8018,101386;7972,979296
6243,599691;7462,785062;3331,003778
113,6493355;687,5785054;3314,649538
1219,443181;1476,36106;5019,251864
2134,85837;3835,35773;1860,0188
5993,101068;7573,796861;7481,482514
8754,337244;2473,029303;8421,723706
2569,93809;8855,322156;1048,451065
9587,234794;1781,561395;4405,117415
8285,898757;9528,790946;1165,143309
3659,958141;1344,091147;5556,587874
111,1167497;5318,626813;4494,794067
2425,983796;9372,377303;7149,593003
5247,985193;2979,351358;4744,210067
5276,054599;8013,022801;1337,342662
5219,034125;6695,342297;2950,138511
6331,346254;7084,374951;7954,829501
7982,857366;3437,025281;3390,07653
3775,215163;9345,294553;8594,874447
4012,645298;1434,552193;1448,312362
3865,102428;8059,00618;5478,643447
1605,24519;3523,782218;3670,007353
7235,41599;9860,968713;6063,354265
6382,660581;9380,934681;2395,628349
6050,654572;9913,344775;2592,078863
2068,202923;9202,798761;4856,546464
495,1304208;9247,000893;6765,560836
8821,492357;1222,721579;7414,893728
7534,334301;8006,745676;2170,014916
7686,998377;1944,247696;7460,320361
7016,447892;1518,333752;3202,650661
9841,491063;4829,496656;6850,650384
6496,161395;6576,638553;3421,155255
9075,845879;1511,118499;8024,495142
8977,241806;1702,384622;1060,335769
7840,315033;7425,773512;902,6142664
9624,324183;5500,694327;4692,021895
613,1933476;3728,429586;2961,694707
3194,782327;1975,521293;555,9506704
4901,869454;7381,935032;4447,768391
9874,324094;9762,471476;2631,253091
3286,430944;4058,808966;410,1159679
1706,373959;5341,927092;9275,110202
3923,451295;4035,879914;7512,745884
874,2775567;356,6585117;8776,271512
7862,568831;2763,093684;6154,414553
7737,394388;8662,565815;510,7880274
262,8387112;3262,594034;6665,860629
1166,922275;1199,738173;1006,475038
4594,178207;5313,733196;9643,136934
7616,416701;9591,389715;9318,213163
3838,222732;8953,11683;2750,285873
3209,784103;6852,134982;5495,882212
8194,174105;6489,951759;4466,97577
9827,079386;524,7695564;3467,714805
3427,902076;8056,940402;2119,62572
3511,874888;3349,651462;8296,352842
9267,476181;5626,638234;7416,176815
2508,303594;3590,737579;4139,759222
5356,170729;7260,378796;3097,687438
6003,94147;5788,232125;3519,858858
2751,766191;5339,370301;218,0719614
7455,796017;6602,406975;5189,328194
2492,571966;5231,567011;6436,104154
6736,484336;7775,663845;9945,881558
5324,239876;5226,844762;3171,009828
3970,625595;22,70309167;2839,998622
5578,615226;8640,446291;5970,469878
1083,244269;7708,509354;3341,197117
7147,119247;3972,921177;3921,007416
9736,013003;1272,885911;1269,690512
4914,532091;4520,403739;8462,614806
6668,336484;4355,785998;3571,900673
4860,152824;7838,38996;7791,807236
871,4266397;4591,927179;4434,063818
4764,013795;1524,016109;3899,754003
5499,76233;3396,298677;3255,5288
4367,03866;189,7551197;7788,979399
8790,035048;3339,986103;5004,022778
6853,066257;5143,275378;3574,169352
3573,537431;5698,095043;11,71419346
6142,239809;2022,841827;9196,969598
7841,101082;6824,22531;8731,499996
5095,152699;5073,465912;7229,809041
6206,665756;6496,564454;5047,994679
4212,075276;5727,860345;1179,001827
6345,830042;2804,73015;6307,402145
6271,2869;4809,996588;4631,037364
3151,682656;3271,9462;3305,882473
5481,172775;1731,882059;7180,451931
7409,816223;6298,433439;7471,36831
4528,624337;9548,283328;9305,825544
3708,509105;7196,341324;1778,358631
4021,520799;1226,76833;7939,257749
9493,73756;5801,900436;7099,043965
278,8787158;8662,875203;3408,280819
6852,369649;6708,956025;4949,714067
1838,721054;6526,077532;1171,310404
7105,870014;5359,172164;6397,287087
4437,54282;8820,629125;2311,750515
6860,155768;2951,268547;1887,463032
4954,873348;3897,624084;1524,593754
2252,510708;131,2818672;3345,719285
7353,150753;6335,277697;7002,721408
5542,92969;9108,778847;2948,00936
1496,815083;8483,150289;931,8477067
800,4938777;2560,884605;4953,150792
500,5409085;1857,958491;4629,434118
8885,187709;7483,010408;3648,532311
6978,013518;5833,473501;2545,398573
8909,591459;5499,334319;8853,53385
4650,411983;2451,053733;1519,293019
1776,159316;3772,275631;7890,388336
4665,695148;8307,098683;3267,836103
9931,217532;1438,028156;7527,886724
5888,348145;2291,675404;5147,269724
1516,892508;9776,538073;3071,607421
9183,502224;7631,52147;6112,563186
9165,969949;3838,573369;7154,446516
3604,935824;9278,482592;9815,888707
3992,592015;8048,845637;2231,229178
9973,72383;5100,547683;7970,915893
9041,429539;8013,971586;4835,10989
5692,300233;5204,481562;1599,161505
7070,864621;7368,902274;6431,822118
9146,871237;1348,267519;3574,610109
5159,002729;9927,502873;7276,157168
1643,646834;3236,204964;9330,669366
5943,795891;6860,234608;7438,692016
898,0986503;8285,007222;6296,981036
264,8204456;2845,972484;4748,973139
3939,005469;6632,361461;4267,123765
3204,819352;4225,301106;5322,11153
9878,728147;396,3408066;8252,07139
7433,218566;2960,630381;8886,869982
9359,336834;2394,831646;8954,609486
3289,602532;9722,311648;3648,368087
7785,47892;421,0708688;1224,160514
5284,078702;873,761289;3231,150625
260,3571526;3291,124684;7413,089779
7003,63662;5271,887039;4587,845683
2224,511441;3586,391269;2722,881634
8954,56548;2502,970103;1702,038389
3472,476981;8807,594758;2997,301101
1340,643822;2907,001432;562,1817646
3736,153128;3258,821817;4507,292278
2484,45772;2696,15305;5851,62641
1383,718658;6223,325758;4539,573506
4123,567574;7619,52068;9832,704103
5252,597277;5199,517682;5489,27901
9518,013002;7371,099783;213,1516651
4387,820651;3877,848112;7695,338319
4476,739619;8291,862271;5278,858702
5532,75396;2006,788866;8737,626138
5741,665966;6872,815854;6352,877413
3474,864104;6533,360984;7547,539789
2551,961515;2299,074856;8618,988343
7484,671188;1553,436085;9306,914838
6405,680406;8525,227311;4340,783507
262,6304431;5129,384823;2079,113361
3873,535456;799,8424003;7190,461308
7122,36325;1459,98835;2434,132724
6511,777842;9465,183755;2483,829596
4564,18011;7913,212189;9856,469796
4773,229761;31,00632193;9580,999334
8899,415178;8428,159386;8268,179303
2568,359656;4941,468968;9561,224675
8735,190804;2944,370256;4257,904035
5300,735088;9951,76502;627,2017972
8205,163553;306,9236524;1106,778636
2430,663939;9025,088264;9116,828279
4969,009803;9062,332822;5198,663441
4586,349809;8780,772531;2682,825659
9287,241227;3045,315335;7364,160452
6385,131166;4713,296534;7570,14634
6982,911525;9884,780023;8422,600001
7299,435567;2151,018068;5017,210041
3841,972361;4831,474625;337,4350809
1360,186839;5363,656185;3662,363351
4804,874257;6637,244391;5088,082891
3945,015119;4391,282708;4002,334942
6946,331516;3684,007983;9483,293665
9076,909957;626,47765;6444,323777
7978,722055;1334,610269;5924,104246
2077,774425;4688,390608;2735,762784
4386,609152;1816,314309;2140,70196
2361,308421;165,3887447;2229,714733
6758,554359;6202,278199;5457,392287
8362,059234;6432,569772;1027,641668
7298,204556;2007,256182;1374,750068
9377,412693;7990,533041;5711,869714
9585,468701;8218,626262;1829,158524
8799,122973;8025,78927;5833,406375
6065,271955;5509,075057;7691,368663
5525,992934;9876,474575;3550,284086
3992,517392;5992,607155;4761,622781
2860,826134;5111,351403;8884,791613
9033,191969;8636,204059;7559,831625
1372,456781;596,3858454;8063,51199
4420,092174;1574,772233;9424,244639
3106,106781;2341,922676;2513,532775
2783,599612;6638,585665;5571,723221
6808,721639;2411,658743;6197,199111
7829,795831;5831,203638;8509,029315
8312,100705;5278,780928;7469,714052
2069,423472;9237,759749;9702,255481
6153,421229;8335,72764;5303,587499
8587,497491;8870,180823;1223,827981
659,1223705;3666,618986;4231,954381
5954,79517;540,0681318;5213,211879
3373,429839;2762,484633;3953,836548
9304,523205;9872,110357;8043,053258
7283,571316;9383,571061;3819,652242
4681,827542;6791,940554;101,5099149
5807,05971;8593,444228;5695,164887
3949,038155;8720,978838;7709,387204
4684,019444;3450,016434;6828,605531
9909,461681;2199,637004;1416,142292
4542,690918;612,0526668;8179,271383
9175,98386;5257,59108;9192,160414
9304,66281;1786,784591;8358,211894
387,1945087;9498,164586;8360,915018
2852,32775;4328,006772;8079,059582
3321,747559;9028,673135;8811,521009
4037,177864;3085,423867;6477,873075
8440,693865;9545,212514;1466,715531
8211,764643;7421,879158;7604,463445
743,071368;7891,114427;8828,873387
6578,795696;172,599094;7714,524626
3471,541206;58,2633141;9149,186837
5545,663436;1736,563897;997,1508322
6446,949812;528,0019992;6816,505245
427,5008088;3466,21439;9156,197738
3938,65615;1328,540175;5874,080466
5882,615259;7918,234991;6050,825046
2570,343716;1238,801406;3991,275728
5676,519176;5342,287895;7513,235702
4480,029361;6943,615123;4218,015494
5958,978659;5290,543558;2448,414232
8866,909778;2351,154399;5198,173126
6287,796232;2470,827506;8048,667587
6978,920295;2551,193408;5379,986144
7854,403959;141,2769989;2230,057894
1737,220357;2501,299777;1101,697054
2206,7195;3647,600037;1977,200827
6016,971091;5953,57326;7714,425629
6644,820699;7926,031917;1905,260832
3529,290845;6525,979343;2042,684093
7831,303887;4775,462523;3220,732496
9524,448851;6723,828407;1745,202822
1904,548014;6253,377393;7303,503357
6789,048968;3027,486421;4736,906117
8354,549887;8108,159634;4205,426987
3137,054009;982,3193504;6445,806239
9648,760344;7512,46281;2936,838427
729,7277104;6276,455822;3181,355101
9321,212184;5840,423267;3040,05103
9487,410929;997,1072888;6411,931733
9297,626176;4111,199043;8000,753418
6452,418029;9616,937544;3479,678402
9111,549338;7299,074113;203,8530665
9974,053692;159,7340865;4269,104286
7087,220062;3100,62536;7262,801708
4142,470984;3760,992277;6650,499809
6805,840727;6574,633045;4766,289609
6150,052377;7345,122315;2764,809816
7460,248676;5825,408897;2861,117986
1803,501101;8142,035349;7664,56511
3115,033428;6551,083175;7642,974517
1795,771503;4952,804846;6914,651938
7182,330077;5817,580442;8450,184619
8248,041697;700,4752009;1142,82182
1360,97942;4122,957042;5363,039323
4486,961984;697,120025;1407,761325
2686,004754;129,5562124;985,6179544
8151,886642;725,8245804;71,44106132
4065,248319;9235,098956;4896,951719
8519,317239;8434,488042;132,3701924
2215,908887;3324,129836;8715,162353
6766,387853;188,7646649;2493,234854
9211,403623;3919,140068;9903,552911
4053,170405;170,4166008;4753,558001
9985,497619;2857,503728;1569,018588
6321,878452;6306,877964;4894,768488
4639,17552;6793,931332;900,7052653
4152,137679;7178,173313;2984,332923
4647,437148;6360,500795;1441,737687
863,3419069;4934,217034;6227,38862
9635,192408;2002,584169;7790,647899
7690,089367;8506,235167;4224,258311
4100,379072;1811,776752;4939,424131
7879,920599;1953,943728;2657,741686
1124,982811;5722,685768;6617,817752
3832,926397;7289,79258;8084,824475
3270,315875;2930,617936;3625,349262
4907,874404;4486,239735;5299,911418
1127,613187;6174,095433;7918,646503
8322,800658;8812,520782;2789,50129
187,8465146;9601,271232;1987,161778
6658,857132;3502,979091;8433,938455
84,09271023;6016,122706;118,2791505
4878,597613;2392,761709;4043,496969
2810,60435;7244,587457;6215,389271
8601,202211;4488,041212;3457,793169
7190,704451;8810,900313;897,0776036
7177,573269;6826,856849;632,1192097
8703,49174;746,5137823;3318,016695
4415,830388;1613,206713;1391,822809
4846,553985;527,7462191;151,9610551
8247,786004;3635,543339;447,2885307
1196,642937;6669,079234;2237,729942
128,7138201;1777,162544;3094,874083
5001,456786;8119,646122;3946,822966
912,522333;201,6600826;5946,898792
3944,643565;1079,695871;1693,839428
2121,654059;9052,208027;4021,695943
5147,775548;2505,982758;3188,287427
3196,242091;1200,991328;9445,88936
9826,413594;8362,236369;4359,950846
3182,787774;3784,374604;3937,23774
9711,96665;449,8503222;7980,115167
9773,454264;9847,973732;9976,478579
5387,887911;2070,091773;9478,708716
4498,029151;8991,883949;7322,594101
9637,744631;7105,185307;1860,924608
7755,919886;9157,24936;521,0822704
5064,434674;9896,704969;8757,639507
7792,442559;1115,772456;9381,156946
6777,562483;6817,43075;193,1100652
9952,706246;6204,07379;8797,002475
3718,962022;3536,452079;9339,176131
488,4281324;1137,921457;932,5685671
6315,202879;3167,71402;1905,459327
2017,799644;9896,422292;1560,181568
7759,600957;9075,36416;1522,839238
3388,486542;4594,644131;9898,026406
4552,817742;1245,852539;3651,248053
4726,842628;7617,346604;2178,380752
7270,829424;6236,302014;8504,747311
5479,090319;7189,30919;1098,599315
2848,490772;6998,534369;5171,223701
5647,07979;4917,534825;6838,491311
5636,116092;7023,10287;4042,361598
5237,672912;2548,786738;4334,347352
7701,440954;6847,396928;5350,502318
1404,054741;2556,533001;7868,647555
1773,548846;516,9816371;7937,657021
9488,428806;3058,654976;6884,418693
2654,194112;288,5052469;6117,587573
5914,553953;7136,31314;5248,752149
9799,698361;5850,804616;8767,684645
8126,197393;6632,942286;7161,98007
3670,646954;8535,849327;9331,953106
5138,942102;8183,451647;83,20847514
1791,437044;4994,974663;2457,051519
2567,286296;5812,934268;2575,470958
7563,956717;111,5553955;9381,371852
4768,59909;8224,096471;1281,135138
2109,418464;1384,838184;1559,647527
4583,651178;5235,445847;3558,692381
1819,379687;7983,679097;9091,34269
7202,001358;1046,646838;2961,14789
6811,014443;9588,413254;8404,522347
9781,675376;993,5474966;511,8654049
1679,767747;9640,344123;4979,080367
6260,625402;7179,363672;8197,013043
4975,121843;4465,861767;8593,461248
2266,451007;8333,431186;5355,74996
944,2624636;6219,532898;5767,525021
6510,018603;372,4734461;20,68870095
2693,07306;6857,415891;41,25386304
2441,252046;8463,364085;8171,132804
8309,082953;7252,533821;7325,957674
7603,061963;5011,70036;7289,572924
3674,748082;1267,124648;7847,309582
6726,290031;3104,491537;6010,618078
6727,853797;4966,683614;2017,608584
1938,077964;6831,001082;5791,734179
7781,30413;1570,77358;7726,939978
4654,947088;8554,091959;174,3943514
5034,309982;2393,312492;7802,421641
4835,2027;1058,311189;1204,047574
1383,333393;6736,30673;3325,403397
4826,234482;1695,175525;8773,230802
9660,896101;7716,876567;6399,809043
5752,086731;9732,038594;9494,498508
8946,136279;968,5803792;3688,590467
8098,497342;1185,808936;6379,103917
7968,180414;7210,821482;7240,007928
2661,564915;9346,267788;8209,268558
2028,315425;7855,132767;8806,53627
5578,648586;8227,799497;676,6322045
1651,637205;8250,334108;5906,475186
1918,01991;8025,496508;870,3703389
5763,512524;3370,744224;5107,042467
7488,564474;3373,580582;8081,742017
1996,635284;5466,169863;7659,621108
9505,100419;9293,521902;3184,849862
5139,968008;3972,660394;5553,128753
2517,397742;9114,340949;6390,949941
2362,626713;228,3565957;8265,882958
1423,615438;2093,820881;1638,6568
816,6839562;8497,826382;3054,467366
3337,212417;2807,807793;1288,548231
4016,785471;3452,51915;5468,888165
4044,869063;9575,353928;1058,81727
3810,472949;8992,336944;6075,566364
3065,838493;4771,915439;4687,033466
4664,036784;8129,932914;9507,894145
8590,970846;617,0882032;4499,421699
4664,653352;3672,712948;466,0404195
2249,876731;2380,20609;4800,082117
5188,347469;3111,931947;9298,87333
4375,841265;5282,360596;3439,696217
9823,111489;9987,081414;3945,358021
5176,507268;2566,980122;9436,186421
921,7023544;9903,947642;3227,117972
5871,940332;8279,281963;4809,304817
4521,448842;1022,464785;6917,736606
5036,903444;4924,88589;3371,538782
8860,992244;9602,826331;3697,705003
9591,949551;6968,115646;6515,390501
8716,824849;8792,77921;4447,004591
7648,733285;9887,348816;6070,243256
4265,793478;4149,228266;6410,921801
3314,646466;3778,762221;9717,010547
2296,257692;3353,854502;6984,627914
1351,661759;7082,305406;5651,765106
462,9037769;2890,090019;2486,840138
9765,83341;7496,369855;7293,24568
8195,015882;6545,099052;6030,77476
7372,327217;4148,77059;1130,00391
8249,891231;1246,097143;520,9976
714,4410943;5469,643112;7877,879401
744,514468;5603,578966;1521,482163
1226,608293;3597,671681;7838,993557
5770,775018;9251,072348;4794,163632
5541,060118;8126,934158;8713,28783
270,5212498;7954,137973;7102,369157
3810,332077;6898,609804;6083,882509
6342,230156;4350,126739;6389,202059
4453,666537;4121,647577;6504,765813
2400,179538;7568,126214;4652,983175
3132,781012;7493,543624;3568,44894
9906,1081;2608,29317;1865,536614
8591,798891;1237,055092;5978,584205
8744,718884;3801,749916;2862,485224
5211,584572;1054,867564;198,7330386
5669,535825;6799,059361;9581,866983
1751,965086;9424,016561;9427,339966
8224,592897;7065,98065;3898,724339
9721,395152;2956,131136;2736,105779
6251,669344;7967,836915;103,5759187
990,3481223;8253,603137;9502,909428
1749,682173;1396,072805;1280,988152
785,8598216;6587,29884;5709,155265
9142,868797;7826,850339;3778,555882
9577,682274;370,4995278;5300,810841
3591,222775;1167,335477;1636,52338
2164,677447;8285,597822;249,5980073
7526,541412;4107,485775;4544,885495
68,67878145;4120,434832;8093,17401
5222,464464;5979,628999;5465,420579
3434,537478;5375,40581;3445,238709
294,1233336;7508,332022;3230,457592
4062,272878;9196,603759;1711,880655
3362,815453;6286,527452;6233,08455
9634,389764;7854,070538;7813,032896
3275,345721;712,2642286;97,4591287
3419,284404;4382,037649;4824,284689
926,9165949;5509,52497;918,2092172
548,5279924;6485,041415;5048,896019
687,8747583;9106,082282;7351,248348
304,9000302;5199,687404;8862,642276
4155,943521;3722,050563;4295,492699
3929,601433;9075,170388;1398,211053
3685,607638;7703,692289;9259,260094
6469,422404;9245,630097;2991,084035
3745,77372;6280,020792;290,395802
1637,683172;1837,097121;5312,794767
8256,851831;648,6116829;584,174119
7768,596651;6411,071423;2957,956607
2687,747901;584,6327891;5847,381607
3517,837656;681,6730366;9677,091276
2989,790988;2490,165867;4350,041332
6748,462137;5871,072473;4233,689727
4801,140906;8574,110734;2786,151341
470,3165924;1304,301705;993,2759481
7981,05955;9757,844813;5750,670237
2021,560119;4571,755005;5353,664293
5588,648866;9437,215869;9735,147056
2058,217816;2931,938189;5234,601903
5567,988702;4106,346845;2968,840198
6048,001327;1358,281041;4548,71844
1150,197059;9079,869701;1452,218835
625,6216095;8715,009064;9628,126909
3702,90568;5497,104861;7645,177255
6887,629039;4715,713344;5765,327178
6009,118223;8973,030514;8842,850832
146,3981322;2875,884157;5697,483074
8476,700834;1843,841285;6417,120275
9243,652916;5556,182579;6865,27866
3267,350575;3080,216695;4101,170855
2425,55063;6460,110867;9182,39552
9363,004937;1068,931562;1189,073072
4045,952798;7455,697881;2079,844406
7700,477788;8829,289303;9746,566075
1363,071717;8219,110513;7319,255906
2885,534196;2450,034535;8796,186616
9610,366351;7300,945447;5660,923919
1219,194285;250,8933202;3799,433678
6185,622898;8810,140496;1860,320344
1857,133377;5112,192783;3845,081518
9210,541651;383,3411699;8476,936989
5366,875712;1126,116324;7084,990242
4657,57437;9395,332926;6755,663292
417,0463932;3963,931658;8408,863313
6238,691978;5564,37056;7783,319669
3437,797176;2893,814465;6852,070327
3138,818709;6789,13759;5324,82974
7812,677708;7268,496828;2201,146384
219,8573109;7455,079652;2793,907735
2459,466096;1326,070376;1110,994573
1534,237597;4675,268577;4586,195947
88,73182222;8497,273009;7050,848188
2727,348743;7303,948175;1512,810687
863,3570018;7700,817828;7055,963241
545,2311632;398,6413479;8820,487022
1097,931773;6827,063855;6053,103388
6239,2329;1540,320546;8377,694424
1087,171991;397,8434328;7538,968855
6088,840508;3737,839058;8439,021352
8345,362008;7812,324041;7643,9743
2096,394958;1586,995989;2334,716251
2475,454946;431,6852883;5361,729269
2196,649862;5075,502221;6482,399375
166,7313176;8317,176083;7128,036391
5482,19781;772,1227347;4412,163161
3585,474892;277,1674607;7759,83892
46,26813701;99,51668455;4937,956455
809,9361181;5537,321626;6204,117173
566,1706401;8234,32672;5974,667117
475,7513097;9117,801237;785,1211887
9684,998492;6645,750213;1900,093581
8806,755932;7235,947437;6191,461018
2536,462701;6097,814284;9283,201526
7629,762577;1773,706164;3143,125739
2433,257065;1702,845973;1795,25507
6833,551682;9272,150464;4599,50889
2809,304011;9227,636318;1040,415367
1826,125487;2813,66738;7637,897839
4189,853888;1682,393157;2853,197895
9259,595201;7386,332083;4940,692727
2235,410472;9842,296037;8729,412917
9610,000997;8459,839943;1692,247319
9983,831032;149,7730139;2007,931473
7950,845795;174,8503166;5314,851045
8803,189078;3488,512391;5477,642035
997,7154189;9129,293416;7611,556418
4146,572389;4706,587206;9823,463775
2168,047704;3195,375692;6603,37686
4353,322279;2900,572646;1380,495732
318,0637407;7929,603588;651,7462357
5866,919492;9240,902698;3547,61118
742,2254687;6598,629534;6356,109791
1622,651575;2751,261465;5204,826124
6639,456277;649,3860093;2984,87121
6959,407143;3603,198577;6042,164237
7247,763466;2826,868335;9848,249221
7006,683782;527,3187007;1845,766668
9915,566151;5494,867795;1100,918156
9365,629296;1138,220914;9719,251137
2959,635505;6585,115001;827,8858371
1999,878611;5265,078288;4118,074772
4907,268348;8151,177691;6742,016061
1636,328679;6988,599986;7080,644323
2477,764929;1007,135138;3436,09831
5579,816959;5098,704492;3272,345402
8400,946112;9539,734121;9102,406421
2483,187089;1722,242318;6022,133414
9824,885935;6951,526479;7190,96797
4279,775759;7108,205388;77,27197447
7398,22621;3461,305716;7270,17775
7781,923497;3118,678156;1865,645549
4219,983213;8761,495666;1689,640805
7655,46716;8642,844681;6543,487238
8426,122021;7443,827253;7933,370815
1206,545708;4820,717091;8771,28824
1564,271366;2856,343948;7293,986723
7634,453457;2375,598102;2073,140542
4786,552869;5310,382919;7245,490462
3377,158645;8200,663507;5945,299899
6208,32578;5607,198349;2031,297013
8538,460449;7734,508862;2894,907176
5158,862153;2542,56762;3584,861394
4838,792209;8238,973814;8579,024027
8617,668268;2310,440408;7616,049416
602,3779101;6326,043449;2984,274803
7462,230787;2949,080148;339,6459207
8428,690637;5188,420184;559,0740875
1205,006819;2048,1242;9154,005905
7351,185278;2264,309085;4551,483868
4128,934952;7173,799551;785,1572889
7491,609586;7571,390232;5383,501559
7637,146548;6339,07139;8186,847019
7554,627204;1752,529315;8780,351612
7414,983553;1825,861869;9033,020702
5975,688621;1784,710021;616,0162298
2834,252852;1456,362344;5216,80693
5823,699482;7533,715876;7716,592679
4302,837272;40,20155389;9349,412688
5080,706675;210,268366;9733,241992
174,8791575;4493,533406;5649,996439
1049,957122;7433,148667;4545,300311
8696,172673;4510,496613;7843,198226
5059,763009;6203,260467;8250,674991
6781,488781;9640,503015;9827,320944
1553,853076;4014,659225;413,789337
1590,006852;8305,941351;3944,231868
8177,329469;9469,990505;4488,06477
4497,922994;6293,531455;4844,505996
5457,02608;8079,766758;7935,626148
8024,404609;3923,642499;3492,1843
7579,040578;4421,497553;909,2785638
4,174650577;1285,450038;3833,14158
1775,978784;1785,098631;5007,215481
180,7458994;4702,298596;3209,637193
1236,038042;2581,066832;3452,302034
4526,01602;1860,514564;6434,270089
7220,950137;566,8710704;9837,142228
5448,755354;8155,359706;7115,28992
5377,501082;6577,448181;1181,67533
7027,941792;3621,608642;8230,7128
5435,88274;5478,665387;5898,991319
9556,445189;7082,606097;4063,102193
5353,218222;7779,534715;4422,68561
3267,751927;866,7481897;751,0533317
4826,828883;3665,493325;737,2091942
3108,904412;5583,565645;1232,294425
6055,422946;2984,088352;401,3284115
5790,578889;4101,606833;9231,479966
2268,430303;3935,783035;4501,807073
5522,410617;8517,262431;7103,066634
1064,864867;7767,43922;7144,478826
3045,297778;5663,100162;5635,470395
3914,309625;3754,395197;6897,813493
455,9828953;4907,123878;6233,647615
878,6347976;2173,380727;1996,338213
7174,645128;1071,209045;4726,624188
565,2177934;6147,067871;7142,228427
4271,48052;8977,426266;7232,737741
6272,847806;1010,718781;513,3977789
4889,819635;1397,102198;726,5426928
7510,855923;4931,79302;6679,28327
7349,953967;8246,699313;476,0453651
5504,50146;1793,209632;3494,126462
7018,478204;4113,273231;5623,761563
6037,54142;8277,638248;5195,444444
297,9805582;56,52354037;6938,804517
5957,832835;6700,114894;4468,861174
4668,083722;6823,897679;9081,523842
918,5959778;9414,891452;4586,086035
8113,838694;2278,01571;7047,012314
273,9884994;6805,682801;4288,531839
4518,639051;8327,211056;3360,339501
2369,97097;8548,706871;5203,417394
1197,17156;3058,55787;3878,107831
4852,834559;9200,762571;3018,157982
9360,714406;1386,563581;485,163409
4902,553918;6878,792069;7696,379479
2637,588054;5313,723084;4085,821083
355,8374687;6838,964325;620,937869
4455,338904;3331,895469;7269,792141
4871,347249;1404,642169;7529,265338
7374,780345;8795,671185;7772,576974
5022,52251;7081,790905;9663,970594
7539,41629;6787,861535;572,6663686
1274,794564;235,5161771;3119,501382
9247,248727;1098,898993;6746,379455
9096,893262;1224,948521;6663,55696
8417,554624;6755,375429;9117,594552
8299,10664;110,9126708;4174,118834
345,3948867;6070,489071;5050,513714
771,8160119;3715,69671;5438,57123
6682,298589;8658,779876;1413,789579
2080,874537;4041,294369;1131,210628
9752,945948;7157,632827;4022,789181
9280,909035;4650,799501;1804,866551
9718,108848;6157,679124;4715,156688
7533,053541;7812,559164;6303,486336
7966,047999;3043,423477;780,4648735
389,7121367;7769,194338;6829,097821
4197,234398;6456,707259;8026,353849
6135,549635;7232,032481;3876,616958
6342,388759;3278,07138;2738,773037
7941,803034;6996,659105;2996,928995
3654,759662;6459,414417;7358,572118
8782,840679;4358,678951;9704,289217
3457,808044;2515,928865;2515,331108
8308,454436;9723,162395;3460,641499
1544,218564;8924,682153;6317,462823
1418,002438;238,7366933;9101,505658
4402,789268;1371,087172;4334,818555
1984,014455;3588,181628;9016,985058
2893,224368;1115,451594;7464,223575
297,2097533;951,7629;6326,096097
4461,185767;4794,438784;593,2848591
6000,933377;9221,859309;3037,318666
7765,896532;760,391764;4174,186558
4116,036103;274,4980165;3177,394211
546,2042683;2815,406072;6887,506258
7838,340006;570,4439703;3652,035149
619,4573795;9556,934772;8819,528454
2602,055471;9557,189142;2652,896456
5992,473311;7280,055939;8824,815861
8399,996229;3828,8614;2683,733672
3107,446609;5478,833346;3821,652797
4352,095022;5191,777258;6957,1972
2219,786094;8061,668428;1465,116229
483,0932231;324,7657059;3956,926903
9132,998308;1472,19421;6580,799799
9511,287884;2537,184255;7924,985295
9128,687586;8327,197395;6317,832967
9028,856482;6307,80249;3985,450481
2677,39432;4441,203706;6483,084979
9117,685291;2017,104786;7727,00657
9258,576454;9987,191226;7300,288386
9608,754368;3357,712609;6620,311755
8310,230234;3065,055065;8155,964194
2051,25583;3859,508335;1520,683043
1757,381135;421,5213328;1927,336443
1319,201307;1730,906081;231,4857522
4796,99097;4224,98319;8712,747348
9313,406387;8358,243046;8973,354328
9054,553443;1081,628081;3607,073968
4740,042269;3622,505253;6947,220689
392,0238919;3359,074207;1092,971946
8145,184772;4712,064394;2886,019203
3273,790398;2875,072887;2855,781707
9555,117275;9576,308174;1980,657857
4837,719673;610,0565801;6317,836323
9426,613138;7972,944186;3078,665572
3069,984172;5606,639913;6640,749483
7306,906132;998,7674233;813,2633339
9112,980969;4877,247699;9475,183948
1692,275209;8223,440326;126,9019572
3664,268223;1596,510892;7771,841925
1553,783219;8327,683952;1662,061132
1584,013063;9465,074868;5556,288637
6184,12126;6082,997492;8211,078488
9170,416234;3561,254966;6617,886402
1328,070768;5984,216508;6993,738588
2859,598584;2520,401801;3288,201918
8596,257624;9025,457109;5560,576056
7108,402351;6389,449446;1950,476083
5877,716129;1363,803609;4883,278247
9663,134039;1318,568174;8309,236262
4801,363934;6525,225514;2031,59719
9535,418636;8938,059998;554,4271674
5020,319434;1591,665032;139,5997004
2013,764754;4368,309711;5999,953015
9946,578703;4027,22695;6086,380724
8871,312591;1853,020159;1767,81515
6878,976987;1097,627306;3549,079495
1301,801363;7623,532854;2627,074676
3603,316168;1237,314254;6615,686675
1787,344229;6500,95286;1950,556761
2635,493725;1160,133113;7396,780155
4623,657083;8454,984073;6226,009476
8979,883493;3053,618573;4894,104808
8636,802668;9200,299042;8901,665689
2444,289083;2517,159681;6180,36733
6981,761911;9084,776724;1589,470908
6400,961821;5242,092848;1407,560315
5847,382371;2986,79609;7707,412237
6098,618297;8742,368605;406,8569413
6468,912764;1971,408522;3548,456724
285,6247265;8921,715062;4401,355163
1053,227914;1135,064003;6081,265467
3076,25915;1760,091347;5966,373746
5265,22773;8184,480026;1193,556227
5002,730103;6911,377046;3855,963973
7148,727691;8755,043624;97,40919431
3129,770831;4057,8909;6504,871912
6734,658916;4375,111936;6249,676603
7739,965135;5989,565238;640,9661679
5445,906983;6879,07131;6183,903142
799,0136085;4246,871782;5793,104091
3024,346074;413,2928645;3449,843163
7968,660921;1047,899421;3748,727404
9585,862694;8856,967801;7401,622891
1522,757767;5689,887901;6815,939195
638,862073;852,9811141;2756,726123
5380,938976;3012,385647;7053,243656
774,4572087;2645,185749;4656,335389
3990,880723;7237,976785;3651,1523
1083,406088;6484,277101;6756,407885
5766,304971;8071,987473;72,27679481
8277,873062;996,5264095;5326,482249
2734,516954;4648,364138;4011,506524
8217,021816;573,4741278;9434,156808
7122,665802;7993,952686;2841,733407
6761,328857;6840,23913;3755,560744
3661,319806;8994,921482;4167,841748
8320,154435;1464,751086;8405,6764
8588,79425;8112,040387;7598,261801
357,5102517;8776,024066;8440,917088
2130,49738;4100,014385;9950,901139
6339,769121;8493,17166;4999,194093
2871,265367;9479,448879;5119,907716
6168,69317;793,1394945;535,3599492
9967,321552;4750,14589;5015,01319
2969,408685;137,3229561;702,5933096
9436,852817;2947,242269;6889,838488
8526,28486;3290,047395;5838,22463
3665,86769;2838,248722;3910,850996
4532,144783;9512,990886;9657,923885
1251,329946;8753,53956;8255,337283
9527,510179;1087,533217;9400,177094
7213,506136;1809,571201;2001,090383
1444,413624;743,7379745;2267,294126
5005,248798;3148,281757;4138,743826
2070,418498;131,1106441;4918,15764
5052,060156;9229,465036;2943,08791
7098,91652;9296,19447;4177,384594
9120,520448;9263,241331;5879,833494
4145,076918;3384,623322;5321,855073
3662,804764;309,2352867;5184,772681
3535,893059;3997,516626;4190,050544
5344,811109;4072,341754;2254,370162
8691,073212;1284,243827;5571,272396
8423,014858;7256,043004;4150,640221
7177,850277;2931,639959;132,152444
2656,817982;7207,809959;2106,751524
4600,330749;9191,907027;5770,215981
9172,679546;9458,130645;3017,51945
6931,470235;1905,313565;7781,316626
9117,127991;8625,321591;3745,613313
9014,156928;2874,422559;3534,120635
4805,681034;4164,968472;8123,609928
6701,858414;3801,892949;6987,6126
6780,063625;4455,248871;2908,336319
6401,264495;3081,677966;7155,937617
8596,07775;8852,237861;8536,430998
7245,06247;6123,908459;1230,031026
8029,903533;2331,372521;1866,569035
7549,201249;2264,347116;1450,03618
6503,517665;1619,32407;7030,526088
3921,041043;6609,732991;9196,538065
2771,089861;9498,106451;7454,139723
8222,339344;9328,994176;5754,456455
6894,974229;4785,172277;4019,790738
5760,947828;2529,979768;2915,987679
2293,625127;150,268547;734,2190014
2792,100242;403,8101168;5138,616705
8896,157381;1483,075251;506,5030517
7637,879761;1432,974689;9385,929108
7434,837566;6821,122094;3748,476976
4832,882029;3168,542644;1301,563145
4183,033768;9528,952667;2234,610121
6344,114712;65,56297456;8099,31162
8905,891407;9840,251404;5554,560995
3794,170459;6844,756836;8395,712925
793,5025282;6636,370423;1475,418826
3911,164692;2060,257996;1632,507165
3654,355545;7134,749879;1597,432804
7695,686349;539,6113348;3855,283764
3063,999708;1945,559521;3237,116096
1935,131851;5212,040589;1839,982751
2045,759658;1043,403246;5224,352902
23,53935247;3452,052944;2198,257895
6536,334515;1992,630381;3807,216984
9625,667996;2638,925662;6814,566427
3835,008128;2742,409858;4151,071516
3746,494978;3095,728771;4314,836936
3323,048701;1388,003044;2441,404159
2805,476804;9317,008783;4276,529458
5524,875579;2675,256076;7987,08372
6711,365367;3650,510023;9758,562331
2957,589027;5600,826019;4379,8156
9777,698576;7280,074657;3685,747835
9149,151791;2823,210678;6440,062179
3661,597551;4320,197197;2225,787146
4810,414871;4773,274594;3428,991549
5039,363457;3113,517384;1311,332165
4031,681961;4184,40526;6153,951171
3694,172445;1808,287767;4567,665182
7275,253446;5158,971003;7385,563952
7588,269915;6049,967934;5670,254513
1029,560334;7653,508296;1543,173788
4047,060649;7320,579454;9458,833774
4195,305789;3178,495555;6620,623145
2731,581038;2213,763558;3431,855233
9149,922476;9739,407091;400,8164347
4128,22385;1619,676332;60,71215933
2157,219738;7481,207317;822,1602543
8597,924843;7162,252665;8951,31861
9098,585968;3962,443174;6600,147298
8996,723216;6909,221997;479,761117
1661,132871;7276,298108;8723,705041
7623,843081;6996,654876;331,8293423
7269,515832;9229,136951;9501,778069
2787,98713;2407,873193;8133,018925
7317,033877;2320,44893;9744,543942
2873,909164;405,3637756;5168,679964
3259,443344;8980,763525;3005,827934
196,6751857;2448,669865;4164,582396
2163,136048;2879,893361;3468,447349
6451,221743;3248,146508;1751,939362
984,3487522;7901,473261;5297,583216
4349,176468;256,077814;6428,815481
6552,536086;7304,51834;7254,854592
2770,946698;6168,21043;469,1653999
3210,067992;934,4032875;1942,031121
5117,859248;8121,196594;4628,108719
5950,845574;3690,601508;1227,771112
1069,198094;4158,612318;432,6200626
3377,875286;92,95745704;7295,076564
5867,682366;7334,451123;6961,897215
2675,794671;702,0328346;1604,295086
5877,981565;4251,40433;6372,388577
2137,370772;2009,895866;9376,256447
7130,968106;1198,187176;2302,493297
6195,100639;7714,56936;3112,959287
2409,009866;3093,841235;7269,549107
4822,358954;6308,472357;1756,623165
4512,887931;8526,558939;7934,923613
1754,262284;6001,897629;6232,353576
1732,371198;9421,650977;9660,361383
6138,969385;6210,484612;6907,110297
5941,223926;9707,336387;577,7527799
4423,154499;130,1290393;7204,373774
7893,447854;1066,680632;8144,428415
278,9344266;1961,439827;9918,711607
2795,988669;2789,612272;5274,382562
2248,760954;7882,118248;6912,796829
6590,591803;4492,332289;637,3962453
1364,801293;2459,45564;4873,772912
1079,618633;6891,062284;9240,47173
5774,454143;9173,575607;8325,807535
268,8326366;7594,500842;278,9286347
2347,471435;5183,203855;8302,55264
5783,738929;4549,097506;5160,51264
4681,08205;618,059305;3470,867548
3367,253575;5130,485129;5341,990776
1581,669839;7362,753226;2539,084256
3992,014084;3930,57715;1479,364576
5470,769218;9916,892548;6416,758493
1099,360163;7260,925556;7161,588459
3648,467799;8099,081687;835,6570541
2532,173369;7905,861435;7436,924534
1658,350603;493,4603934;7393,599758
3868,032603;7993,533122;7873,599032
6632,02853;677,9004797;5909,297116
639,944271;1632,245437;3349,051406
8769,539277;9239,07035;8806,85475
3951,071138;8385,995044;7127,572234
9745,153115;1355,895628;2287,762926
4000,42055;6811,12495;3208,69914
9308,766872;10,53821756;5758,871126
6720,648744;2746,691023;8951,081665
4897,443527;6918,84458;14,05639371
9908,00902;7613,382329;9926,754954
7717,32479;1629,914615;7621,072287
8074,136885;4719,591868;398,479431
6322,916949;3333,709777;6986,459724
5419,784916;3120,555776;1260,243679
2377,651337;8304,912431;940,959792
7915,487914;3874,268684;4985,771977
5798,376276;3741,57847;5498,346145
3961,578829;172,1890425;4163,90355
8443,523061;954,6283395;4477,033756
9169,119995;3757,056186;1834,337077
9197,8236;1338,032292;6513,8429
5127,483482;1531,587519;3613,416718
2019,587132;4357,863978;4425,612446
4501,563514;7164,622671;6323,294977
7617,492776;8925,430096;636,8758605
3212,634738;4751,145381;2679,870063
4577,582771;2989,128166;945,0950885
1815,606682;115,6434242;9219,960087
3461,483468;3383,335262;3382,104536
8084,034584;5365,747446;3707,00154
1817,402103;2610,1267;8348,13251
4662,444318;7691,70998;5791,685874
8187,454353;8888,931551;333,2140245
6809,447066;4602,812751;2497,232944
6356,174394;7593,186336;8195,343969
7841,96888;4465,636557;9748,53057
4029,497954;9737,356666;729,0765665
2272,352078;8436,133131;7749,651276
6566,413376;311,3525832;4798,641989
5632,494471;4601,771805;1103,27545
1398,859579;9029,124761;8951,743558
3380,777774;2072,661629;9268,184506
6536,339561;7271,06257;4610,361277
9612,078471;9550,371972;6896,770783
3543,778612;6354,679011;1738,372414
5564,482273;9246,975491;5360,552015
9979,148593;7131,600372;9096,041622
8743,493679;6181,740182;4011,232685
6850,455216;689,1578884;1784,081019
8654,794803;6409,548321;532,632212
985,7508907;4594,415493;3888,704413
3542,681248;6066,402127;3111,675187
2857,981487;1074,682965;9397,136665
536,243475;4231,905687;6813,658442
1239,520375;8484,474774;7425,943831
4535,432585;1030,274422;6108,222412
9454,025416;545,5120407;2161,234955
8811,353771;7448,947754;1145,924131
7874,443722;1326,332;6102,9855
4603,506478;3917,441047;8426,796777
8159,715849;6324,117102;574,0326801
40,17050266;9088,022341;5672,865327
1700,931473;17,81687252;5090,51399
7945,290021;1795,755173;7776,214964
4466,692017;1043,517458;8676,315557
5494,195786;1770,768755;7438,042896
6535,941438;1865,337439;794,582712
6269,300124;944,1425633;2234,933007
313,4387384;5266,843194;6553,060359
9459,402544;762,7937941;6305,491345
5371,337362;4813,913896;6180,736317
8137,660241;7239,463058;6850,616519
1092,88453;2905,717798;9747,226348
9312,977899;5059,468543;3754,496379
3945,5069;9203,434722;3361,836556
7015,725749;7188,994193;6003,751278
8938,862206;1578,009806;3048,086412
8812,010134;7895,073322;4352,635533
3010,768145;9880,776291;5850,688584
5112,381439;6770,995411;5372,809186
547,4081932;4383,925119;44,04930781
9593,187747;5660,808327;5200,198217
3291,593435;8674,824775;7647,052829
2559,223809;9643,042193;7395,282975
6524,637855;6415,603968;7053,336254
6579,766272;5113,690914;4415,122747
2443,594222;5476,805388;5247,390739
1159,861922;4935,491906;8719,004051
7002,96971;403,3558254;9268,337547
7541,369578;852,841525;8964,48036
3327,694587;8295,775765;7332,563248
3571,952715;4985,667568;7751,111935
343,5402363;1508,226775;4819,691094
3970,246149;8241,114233;9622,400646
3402,610252;1607,213167;6901,525833
1554,095656;3726,822871;4311,553941
8155,036638;8202,027037;2220,654116
6405,350459;8903,511628;4668,612213
9377,303574;2047,126096;2825,87756
217,6620412;1086,283984;6234,559402
1844,990353;1945,495628;9974,492022
8552,7893;2648,617012;1200,361205
1136,917897;4743,502228;7425,574149
648,8469039;8266,366622;3575,504674
1984,049533;2977,897973;1299,617644
991,038517;2060,784708;2325,271863
1021,167464;6045,379365;2726,876927
654,1135336;2930,076292;7224,363263
5524,429762;129,6692454;8860,11958
3616,684008;344,7365679;5226,296501
9205,744697;7013,99695;1472,891824
6136,226542;6769,351229;4175,112387
7952,357638;5626,57813;1518,338393
9666,319269;4747,362718;8818,482046
3167,032525;5081,716399;682,5379951
6317,922758;1883,765044;2382,884023
8302,714061;4221,894413;4247,987257
7251,207856;6425,443452;4496,912028
3207,920891;5631,436405;8433,47427
6437,377986;7941,459305;9482,688141
4521,879004;9032,6879;5188,012832
7776,855993;8628,680247;8991,489014
6506,867343;2165,300605;7798,452258
5406,732792;9465,915847;8427,789789
634,241964;3479,807165;6901,939668
4491,471576;9276,624958;3096,447628
5019,299518;1359,651409;1540,292042
2996,580293;5045,461087;8036,437123
75,79508967;3078,132859;8699,710097
9518,502886;5744,00626;2648,694243
2034,798092;1448,604522;6835,817044
9027,719206;4770,596599;1983,237744
8827,81187;5406,733839;5282,728275
7725,085891;6603,990659;6725,874752
2936,125713;2936,210392;7662,068446
6392,151473;2905,371378;1254,003635
1978,816505;9974,889966;7269,08101
8333,608621;6389,850968;8162,733396
6714,302056;7764,900956;6738,802406
5608,842953;5423,426426;1133,165001
75,65141779;8317,488448;9952,812003
6670,971448;8425,478863;7775,913365
9822,5345;61,27018116;3068,871543
9511,272249;3160,012354;1620,792298
7720,915926;9258,151595;98,85142695
3978,928673;9999,741445;5277,725446
7845,460508;988,7497168;9535,652869
626,8722386;2784,559544;3629,356128
8917,525215;5508,467478;1124,097444
2073,299614;6065,617654;4006,301309
3925,892951;3159,842882;588,7826565
5241,01624;1441,688305;884,4501827
4007,533608;2130,603287;1858,152662
8675,431591;4215,583523;675,828077
3939,686697;6546,429793;749,0364551
3859,548386;6776,957135;908,516897
5123,79893;6113,390017;2591,737108
9304,225567;9418,795839;9717,666253
3861,19458;6269,236888;9598,319853
9789,943422;4525,372138;6008,291314
1165,342877;3406,356173;1204,404669
5439,33907;2766,193428;4821,326914
2458,037531;566,0695475;1424,038128
2816,333471;9895,255286;9789,579592
9978,463648;1616,987466;8406,182677
7076,952992;3035,789917;9541,469293
6957,975755;9201,522733;9892,624802
868,5548611;6217,73172;9047,802734
8006,275114;5462,305613;9049,55913
5318,876149;22,4866718;9672,770509
4997,817248;7651,321261;3222,535027
1474,879305;7495,390779;3998,498861
2930,280249;3177,299861;6926,749626
1679,305428;1663,601064;5005,758156
5458,368223;3510,688566;7160,758018
6012,995475;7281,510011;8099,5554
6950,427185;4017,525686;3126,861545
7227,662585;347,6867681;1501,005078
8449,404847;6346,415359;2664,96853
3998,345318;587,0033629;9357,625271
2883,564144;9209,990817;1653,542986
2875,32084;9238,848645;3953,828151
2185,922024;7519,632186;6826,554623
617,564832;6794,723273;7623,494866
8804,635517;7152,138529;1690,245844
240,3553935;423,2214746;739,3484481
6500,231644;4749,459459;9070,127459
4364,105471;8361,367309;6495,806024
3665,251968;7336,802358;9724,297438
9110,76694;9585,409087;2443,475389
873,5099397;4288,844132;1838,604429
8201,234559;666,3258667;5759,019742
5967,603492;9086,111645;1091,883839
6027,477415;1764,717269;2497,415683
6007,337205;6464,336196;3304,434078
1283,065373;7978,429382;2452,509932
7879,987907;2247,136715;7832,952045
7636,98323;9965,797412;6038,452747
8366,938866;6597,634593;6112,095109
1823,800772;3043,135612;878,498387
7170,682498;6625,865763;9210,260963
2587,273923;8404,323726;4010,45622
510,3511408;1160,7962;807,4167277
5249,426221;6957,271004;8134,874719
6285,539199;7119,69986;9117,515857
1510,962931;1668,989692;736,1801917
1197,769709;4837,98849;3752,002765
7648,29867;4880,845339;2905,252368
377,5563448;3307,971647;2207,584524
1040,419844;866,3257564;4381,731732
7479,103507;2643,030273;1349,275147
9645,264426;9811,990225;5351,636168
5424,477842;6326,352949;6793,654417
126,7440205;3300,294194;6898,598127
8769,273091;6561,838559;104,5577929
1040,938694;1207,956054;5695,259356
5788,387648;4528,945243;8024,399771
9892,265086;7092,063466;2058,473424
5912,645479;26,81354777;7398,884817
6361,965462;4669,005055;2421,012655
7371,547741;2207,349521;6731,301756
4113,509641;4027,062999;2492,159431
3558,341158;1751,612039;2649,530029
2516,542022;5535,837746;7292,6754
596,3059951;8641,703432;962,57568
7080,960551;3616,191992;5930,874897
4571,875534;7292,768596;9668,022081
1389,015561;2578,485116;5902,440258
6360,308494;2375,267122;740,3241575
3756,641483;506,3035725;7074,546142
1810,865533;3266,581892;8285,851646
3556,508565;8742,595244;265,2716242
8965,358144;6261,624295;2558,596
3330,268761;7459,325346;5950,138943
822,2561933;7021,657486;8654,134739
1697,370628;3603,73176;6362,445899
1741,405535;2544,685498;4248,745725
6292,647565;4630,008822;3381,723064
129,1143594;3245,762827;8008,640422
204,0393954;2244,250224;4491,366921
8649,131703;8209,986427;3656,140807
5619,016217;4479,439625;7377,146981
1211,878933;5829,017333;9699,742764
9304,058198;7468,62266;6797,661527
3178,906369;5744,757043;7491,926328
9213,501848;6655,722918;7488,190287
4505,403048;5174,363875;1436,617459
1876,123745;7437,831763;754,6023473
5590,986983;120,0544189;6957,927924
5569,630784;9193,743231;2615,487853
9346,886007;378,3824126;9053,431586
8120,539385;3514,362391;2945,851383
8517,394573;9991,289783;7151,93188
6520,375882;1277,776308;8680,073861
6073,951738;5193,29969;3618,353877
5464,033141;1501,03899;1224,482909
5531,107338;5162,382601;4659,349526
6776,448158;7941,31542;3922,649964
8041,128662;1704,237254;3745,962287
897,5973983;1002,302571;3803,700944
8989,049511;8124,569047;4043,035501
3838,543887;5030,959926;691,5039356
6684,242428;6070,435491;1684,697463
9923,031521;1171,607804;1242,256055
9217,196871;7996,215519;8809,089349
1787,688842;4692,180816;5879,060508
6717,668031;6782,012314;4726,396339
8486,090601;3692,893951;8327,554425
7027,932171;9269,163289;2385,564048
1688,211956;7423,065371;310,2060398
1353,6506;786,084045;7337,257669
8300,644647;6470,174725;9790,349073
6318,06646;3072,217307;7062,263874
5716,75213;8007,53542;4057,192492
2827,614128;2754,002673;6851,586057
9936,411596;2606,616104;2371,797025
5910,036634;4647,210246;2024,551118
9776,619066;653,3380028;3667,316852
4853,534147;8795,214913;1500,38771
8481,532994;5812,397146;3458,39267
5064,0947;171,4644018;383,4152083
5233,333917;5341,716398;958,7753479
171,1372465;8647,671986;5426,525334
5872,9703;3195,179887;6364,726444
1252,038701;6834,048467;2079,327417
6267,895437;2038,704949;5762,457274
6445,297479;1006,82077;4335,60372
5887,980587;4918,817494;4957,219761
5142,430418;5050,486108;710,187139
2277,772393;2425,62036;2061,395582
808,1998267;3355,797622;1772,530734
8685,062474;1388,862113;1731,366167
5922,572825;6877,312459;5455,51887
5025,851722;8178,953224;4473,151646
2787,650814;1108,69862;130,8418284
3620,877214;9488,943302;6087,190379
198,8284978;116,507706;9613,683576
296,4900655;4396,492261;3845,154364
6807,782823;6353,786025;3402,081316
7494,072303;5271,007126;2359,75394
4658,18981;4654,284715;8546,138735
463,4657207;6296,690864;8865,080027
2132,69455;7158,619619;3796,746774
3077,379103;2425,611591;9503,245732
5200,800446;4828,217759;849,9521721
8223,113873;9069,481154;474,0245172
3814,279726;2640,721261;4739,408106
7089,075392;9909,819449;6472,473027
9357,986595;9741,316853;2249,959039
349,2011138;6334,969736;3002,504797
6833,912782;5947,591752;9625,501118
8361,302231;9682,305656;3638,23859
8740,148085;8618,71423;3984,125245
9683,19549;7896,150039;169,146832
6471,152591;7031,878119;5428,786905
6934,651511;5443,883567;8872,78319
7645,332901;3817,726223;7166,290961
9675,122632;2912,791493;8554,339334
6391,77614;2337,452032;3298,462086
9859,58586;7119,700269;2112,700131
1981,046777;3620,54435;3629,303121
6035,910984;3148,232575;3056,211875
6609,666194;10,0500547;4120,530509
997,653938;5027,44877;6270,64032
2831,592467;472,097957;7931,972496
6778,683577;8239,596497;6683,402098
9949,245649;4172,780705;7408,533881
9204,887262;5397,070145;6078,152154
9036,869416;214,1820072;722,0905157
9968,291248;3857,665624;5945,421873
7332,231187;5792,250781;2578,634223
1446,296426;7415,175279;3373,553625
4931,645689;7799,529691;7792,019787
3259,297961;1785,885582;8017,14938
4120,683525;3386,562765;8109,667922
1149,818422;6828,642186;2308,697674
8798,539496;1617,602788;7635,036977
676,6413233;7465,583295;1485,876956
5265,733437;6857,271913;6296,416645
9981,422008;4442,870042;1352,295977
333,8624029;1288,005648;4177,670386
1061,498846;3277,15541;1279,115499
6333,756555;5347,436489;6683,952528
6963,251817;6451,574439;4305,87283
5280,598855;1651,203877;820,644567
3130,269777;3410,560595;9623,67186
8221,166149;8423,178933;5834,899711
2830,671414;966,4596193;9192,621199
7572,643215;3555,807608;1351,267079
130,703649;9471,808141;3893,764643
9300,966851;2313,90317;1688,986922
122,7419726;4893,392971;89,72092965
1640,680184;1137,177067;5695,868212
2530,288568;5056,848608;2206,246474
2109,376029;4597,671865;7931,648289
1938,253294;6744,612932;2877,1456
6958,557482;1283,764596;1626,182394
1195,405036;726,196789;4813,478597
9326,252468;3216,344229;8011,218701
8088,762551;2226,608733;3108,547848
556,7430358;5285,844641;1680,823661
6913,974915;4091,414978;462,3363889
5529,455716;2061,250996;6415,974933
5318,599803;2667,54059;5690,845382
3632,067727;8441,264496;6420,23804
7899,123135;9304,860341;3162,669126
3851,850929;1199,926274;1860,131769
8999,768524;7398,293138;4161,848899
2770,125749;3042,425243;2140,649599
5767,326056;8803,810912;6392,39071
665,5091295;5512,494332;2737,637894
1859,059065;5031,54495;9427,840568
6550,571428;586,5813832;9456,608869
8898,727771;6411,600692;873,0242986
6018,43648;7144,403046;9700,321136
70,85954872;4892,520397;3732,958833
2252,707998;9807,215289;5011,020985
1795,198022;3379,529851;3362,482626
7456,489481;7937,314258;7702,469995
3786,840568;2732,4831;9687,817381
2009,120271;8302,034004;894,8342343
1312,638457;6371,84678;4953,253408
7384,676494;6460,33128;890,1140418
1935,229107;6231,289462;2726,740263
2122,843882;4299,105619;2588,359365
3458,264092;8698,34735;4174,105437
8151,573489;7106,181649;2022,645328
4276,006199;1099,880337;3884,958673
9443,006149;2980,388027;3874,843713
259,1179276;8184,404299;9216,425548
6913,215631;5251,997035;1503,397845
4763,67796;260,5363872;7842,491514
4881,794214;6971,876114;2217,404194
7396,214143;8701,368114;6186,653002
7763,38216;459,1758713;4853,592966
4769,755402;4702,358714;4018,216061
9298,317035;6180,915994;4530,376042
7319,738996;8794,867101;3593,261397
3557,527003;5600,574074;6908,39312
3716,399661;855,9864279;5488,547834
4084,028573;2233,101889;5486,244086
7463,032912;7558,104871;4942,607373
5443,413214;1065,649143;487,5284337
4294,070002;6582,066807;2341,606049
7405,119806;5337,373818;9601,566371
2854,720526;6987,652268;5988,617888
1224,825928;3438,671785;4163,661076
5026,150928;3901,496514;6288,873215
6081,882173;697,5022938;3158,904651
3871,516103;9530,579567;8573,989173
5158,543974;8466,793435;520,2096201
8803,734781;9869,315558;137,0919625
8587,557614;121,8694079;8686,256506
1291,294789;4906,859976;8559,104532
9527,549518;1625,686214;289,2392199
2463,561406;5754,52323;3981,315655
1028,840744;6845,014573;1337,474067
5943,368153;8391,333663;4783,741251
7690,121389;3447,705411;548,2320929
2755,913705;3769,674448;6103,127086
4709,185761;1243,939932;4230,378202
7895,00626;937,6916477;9692,877452
2203,568858;2584,758039;6001,224705
8424,254524;1003,71287;8296,266752
7785,831383;4999,514792;3750,561441
7619,504295;5616,777492;5954,445207
2069,68667;1477,243687;1737,885501
3851,168897;2564,763853;9100,551607
3580,777149;5207,370925;5147,105253
2782,589325;932,1320145;3295,361852
7913,159675;6821,083436;761,4536261
765,4711097;8293,339495;9145,848206
4333,78257;6607,020181;5665,218976
9016,548198;6009,760695;152,4151138
9465,972466;1985,607862;1510,38733
4572,499897;5869,951362;6316,79417
9191,844365;2257,748168;763,7094504
4966,261435;8296,458019;3200,087721
286,371357;9118,373056;5485,19854
8470,029882;2024,582204;5247,665868
2011,017251;8822,10713;5870,499425
8389,988685;9489,305202;6319,796593
2991,780708;9076,136131;8135,895521
2170,653952;9481,86035;1942,138253
5023,592915;305,2336772;5966,724634
3524,84521;7488,111515;4864,214848
4354,514256;4568,09321;3704,319069
2124,037302;2603,506619;4078,635482
7331,536161;700,1510873;1516,570061
8986,299594;4443,635016;635,7900299
7405,989816;3550,062746;2759,441164
3425,430332;893,389387;302,0673761
6947,633033;1987,219987;5663,401271
1192,437889;4297,585939;9716,008769
1967,741844;1443,32908;1714,95138
8384,8495;5352,923547;2724,270477
2400,430217;3230,214244;2248,995776
2626,293984;6924,094958;3443,638989
2967,670348;6336,257121;6633,851334
4142,912312;4337,399169;4615,988849
8587,089862;952,4573148;7731,29329
3145,777412;8761,228176;4457,884245
2891,024613;8745,538706;3080,780704
4667,791464;2488,032342;8990,210566
9264,786149;813,3863315;2609,951977
1441,203984;8540,76341;2176,151889
9576,291927;3441,768843;4663,788823
2684,553323;2397,507183;6879,858516
3451,368366;2685,716431;8124,378114
273,7718663;559,4202521;517,5546692
5049,322376;4983,60811;5716,223143
3318,822885;523,9529143;8696,869131
4875,231197;294,1197269;4002,499347
7610,236562;9830,719337;9041,401412
8005,999675;928,7847609;8872,155885
3193,291165;755,6805916;8090,786359
4785,041573;1130,385019;6205,894605
8352,236311;7107,731382;2792,231767
6543,364805;1567,54664;7067,63882
7920,426916;8951,055385;4670,655743
1413,707067;3003,023592;8749,495561
3867,539954;1045,934877;3381,600906
7351,638377;5764,776814;9745,904739
9580,247415;968,3196857;3035,636046
978,3659445;7749,492286;1807,042833
4318,467068;4691,875444;2155,850307
4716,793041;4568,544071;8393,18475
4544,226562;23,04305319;8828,833995
7436,700116;3944,243712;8512,413365
9635,128821;8689,524803;5134,22666
7776,255556;4019,614282;7526,556829
2163,681257;2421,124532;3249,215003
2304,965398;3048,048503;4088,351086
2891,243635;1256,542341;9674,591871
9627,701509;9229,738618;3200,854363
8779,154091;2633,617181;6695,90314
7290,352974;1748,069224;1909,424576
6482,15489;2352,608872;6218,059084
950,0613873;6850,459688;2606,272642
2182,425925;7042,725465;2040,951087
303,9545266;9322,266219;8564,676637
5795,176276;774,9123823;5268,853779
6317,6457;6331,672098;7476,413851
222,7867974;7417,485261;3403,12934
19,1347109;3552,199938;9608,650777
3454,966225;7570,122929;9434,243041
7573,037835;5254,88348;1468,157482
270,2199093;5010,163041;2712,719732
1421,411105;793,507143;2992,896504
2145,543341;1219,529344;3613,321612
3484,095932;2875,120454;7217,121791
332,2632277;2655,216698;2815,65191
7162,834432;4535,750681;2036,082359
3155,54265;9123,016213;7770,880682
7487,385466;3402,213935;3521,180077
9222,947376;8515,636545;3426,76872
9109,499718;1592,596591;1556,94964
7374,332331;9643,725297;7496,269787
7894,741623;8529,999763;9293,297768
6627,06645;3915,921046;4588,716569
4816,309461;9102,434031;2103,924381
4291,799414;8,023360313;3504,089403
981,5194613;7123,428524;5058,837593
2980,352279;7770,081795;2345,067223
7377,992821;7620,581965;3385,554025
6497,788708;9673,201313;5694,374337
5405,322095;5571,90119;855,6244826
4791,734687;1854,641958;903,5556426
8399,104425;5931,617493;4837,009383
6218,439084;5965,475647;6822,234393
1994,409132;513,4334992;9015,324775
516,0448594;1665,343229;9382,562891
8758,449203;9591,405836;2821,091564
4467,881216;8642,910972;9480,468086
3532,557426;5153,867553;4501,810134
6570,408668;5409,081488;8410,136094
7334,632142;78,81908395;9416,916533
3103,072766;5785,390297;9850,583251
3964,863774;8643,646843;9042,009816
4923,627807;7079,27111;7806,359059
7056,079194;5869,931114;7206,78327
1467,399073;1064,396288;1463,967743
9399,345433;7361,017263;2729,421325
970,7307932;7155,411911;5698,559994
8259,251103;9293,397012;5353,190541
2423,869193;4071,423824;2123,982936
1031,640486;6330,930303;1086,73686
4497,015603;6802,676562;8845,314902
8992,536451;4493,009574;8529,13152
2827,485728;6316,487015;8732,908442
7342,223664;1628,109836;7856,87199
54,04295564;4235,238639;1482,98836
2319,630273;9146,336654;1028,72186
3322,563459;799,5862895;2349,842444
2467,592284;1128,860205;1038,63373
6393,407398;3704,445636;8519,718419
7544,522776;8561,26457;4901,194201
6307,123717;7120,673025;4289,193092
9457,517109;840,1100538;5545,70032
7258,346024;4420,874714;3794,647584
2569,362686;584,8331087;1259,03178
1613,687796;5231,579971;9029,753487
9800,187881;6055,462493;2550,748753
7927,40687;5103,091907;3760,957967
1299,130964;5491,625577;9682,363044
5946,62996;2266,216402;5680,302416
3664,340964;104,0433313;6017,227727
200,3948683;9114,330924;8231,866767
9413,007831;6573,290306;1396,674299
6897,412688;822,4585724;5949,356042
6412,019917;2105,136727;4769,7253
1333,761052;9186,888205;6726,099403
5378,155929;6695,456665;9094,665658
1587,589739;9502,248107;5902,574266
9537,232011;8065,969059;4,068603579
5029,646822;8497,61476;4706,513603
2002,438296;3184,705263;3467,820594
3585,168722;2722,941528;4588,973267
8649,46242;9364,297561;7013,073777
6213,578448;6741,465986;9589,701428
5180,207963;4739,252598;9844,811062
9427,561017;7481,052103;6968,068947
6496,0642;7793,345967;7398,744836
5146,766475;5747,380677;9834,404726
5526,0865;6728,753685;24,38781076
6463,461213;7597,033962;8714,998465
6882,287606;2801,477417;5471,31617
866,6806874;2744,981208;1855,134174
4862,038414;2527,867069;3020,183043
2464,825719;7928,881946;3530,307424
8345,854022;936,8127791;522,0184536
2786,513707;6097,930902;4668,406712
4345,558324;962,6656913;4659,830478
9730,424068;6020,845069;2116,558162
5299,601008;7928,161564;2475,498898
5513,785896;2926,056586;7738,637431
4001,563693;425,9412471;6889,768713
7140,76924;6787,056427;2068,4184
1867,245109;4400,63142;9256,345865
1627,875705;9272,502632;3629,879814
2686,738025;5746,737702;1039,33817
7647,477984;9891,865256;1493,610991
4844,976192;3575,342197;4369,498032
8951,779653;9221,474741;31,68064439
8372,550297;6954,579098;2090,249089
9457,464749;1665,261232;3272,098528
7311,886131;6619,850735;6332,985445
4266,276112;2499,327361;1710,709962
3637,037879;8187,135419;3129,295706
6326,797924;7233,979266;386,3411515
8626,029165;3844,80764;3261,797691
6910,061611;4256,72583;4498,266368
6696,993652;2503,40618;1770,92919
3135,294543;6816,582609;36,62603876
8660,553278;2352,835208;85,83835421
2123,777881;6619,130303;8284,742935
308,9866303;9481,362802;207,2848577
6843,22192;8635,169641;4716,252352
8072,314816;262,3155065;5803,338185
2687,103421;2681,804227;9147,424539
1581,181487;8451,72006;6226,251521
4674,857573;2182,994356;4515,033275
5795,788862;3809,268692;7038,422145
5964,790965;1500,608828;79,11316915
2259,166912;3227,628104;9111,852003
2717,620371;3143,144449;1517,022152
7579,002708;9999,221463;8761,74967
5252,556284;4231,033439;4545,541117
7263,064769;9551,882107;4265,557491
1266,591445;8768,335044;4372,260177
4901,793511;552,2347449;8191,088574
7003,427875;8340,695445;2398,80919
1711,685209;3843,21998;4798,665144
4387,964979;4400,103513;5116,765781
1904,846277;2547,69457;7244,667585
8415,648984;2395,977728;6320,145626
225,412348;7428,618154;4336,584678
9876,627828;9974,635675;8324,348523
1238,018139;4049,407353;1206,707679
5902,012113;2129,676962;3538,138311
5604,035897;8477,747082;5742,751996
8907,90367;3525,645176;2396,779076
4099,513534;9916,687308;5496,58881
6284,032464;4190,229036;3144,193087
4123,513973;5168,973677;7706,558576
3563,209698;196,6238906;767,1914995
4249,859963;8084,869789;8451,298142
5991,517859;3665,462554;690,2690717
2543,776178;5422,3317;8311,958394
6936,353545;7518,545773;7367,303728
8536,906042;1817,959491;738,1683614
4937,934402;718,8501137;774,1117919
4557,127705;8187,509219;6013,692192
434,9405073;6972,686403;2754,469383
2752,911051;733,8758902;5300,464658
9636,199582;5786,94525;2970,777126
784,7324221;69,59670906;166,0712363
3098,354854;5344,052793;5170,264575
7561,827414;2968,571728;1077,778691
6442,50351;555,2710336;9759,22827
5811,844691;5192,545206;7437,055498
1609,124966;6014,255917;1610,968506
4000,58834;6640,915777;9309,890669
4041,486977;4172,904419;2050,464312
4413,869052;6328,047615;7843,346257
6004,623585;5492,581745;768,7894996
9939,812932;3995,722829;1131,821114
9019,517445;4923,823376;2946,274982
6443,834999;2594,70151;5897,089022
8989,888493;7191,652705;7874,860126
4127,869116;3062,131643;5599,549104
5750,225234;7383,956214;5181,125258
3785,225508;5078,681078;2151,237796
2223,032674;2152,813375;3789,207888
8702,081296;456,4679131;5393,326952
7516,702691;3100,019645;7477,654965
2102,58197;5638,176072;6211,536498
2884,288264;9918,270662;6805,98869
2347,307511;7390,99032;3102,240291
8652,914597;8045,672272;6191,195766
7922,32586;9943,681106;7671,146496
9173,024307;4754,238818;4322,113659
1966,592875;6474,157859;8327,517776
8701,470095;1029,743672;1508,734195
6682,106194;2983,818676;5049,751118
3082,078457;1316,948697;1668,99541
7580,274566;587,9752048;4999,519661
1431,156375;1272,668399;9040,452779
1896,550466;3344,511608;6408,082016
3498,799265;2003,027248;4571,948479
4559,128958;264,6925284;8379,412079
8190,45763;3118,849986;8770,129113
1759,496209;8710,839459;6086,20277
3080,378635;5884,562127;5670,66972
2197,833381;3157,038138;5232,220412
3673,173264;8625,586657;8852,397647
9900,463218;7426,442338;9762,844945
2570,176086;8636,336009;7608,624792
8736,604197;2210,545467;824,0817342
9940,961911;5584,168972;4929,002747
516,4445991;5999,691548;242,0643521
5952,415668;7075,954983;2263,636263
6987,834949;4062,239109;1326,815063
3456,053399;5890,318548;1288,734839
8219,341108;2290,109303;7177,78919
227,3693765;331,8199239;6193,436282
8620,605643;5707,872619;8982,630751
3428,092517;4586,092188;4124,476391
5005,304531;7729,938872;26,68133702
7730,730909;6422,525539;6497,165719
2139,727779;3404,782022;5509,168498
6273,882367;2048,904163;6794,208916
122,0942776;2401,458513;9460,986136
6476,74097;1262,035891;8693,629806
2572,948657;2130,561859;3881,66528
6295,659021;226,9622326;4200,67219
1759,280908;7701,62447;8715,226923
6188,339639;9966,140558;6323,726657
5056,881657;2316,142168;1935,097783
4296,518601;5441,105909;4353,972806
5679,330759;7133,914771;5637,642411
7027,043999;6542,327118;1120,056684
2538,886503;3105,9439;930,144645
4116,260604;3309,071808;3080,219042
6124,304045;2990,990393;9816,004677
6865,990877;5214,116594;9599,134665
1003,736243;7806,982639;2775,307584
4547,634701;3229,51801;6962,055877
7839,82588;5379,65281;6177,037622
8830,237791;7625,699633;9262,329896
8699,387127;3361,708948;5332,605119
9982,031833;3612,822372;4592,995882
8914,417268;9929,535274;5878,046686
3626,748209;8195,205908;3090,801489
1962,622428;5958,980364;1113,253511
3495,982418;2344,032083;2835,981667
2604,395169;551,6529094;4965,812241
8891,55875;4082,579044;9700,151454
6598,761518;664,6822279;2343,243519
2421,639356;8159,83722;9251,074952
807,4925064;9079,878524;4116,004204
4654,611609;2523,827448;1974,405335
3566,831236;2234,163172;6972,646914
3071,876523;8195,644482;6829,470816
3949,819261;807,4119206;3437,923516
9343,274544;6370,47908;3865,837037
6902,961238;5003,537826;405,8834878
6284,629646;1523,727577;3297,269048
424,2570641;7918,51599;7059,675553
8572,050435;4192,827758;2479,25259
6204,263872;9466,418487;8215,96624
2978,626624;9665,515451;7046,720107
6724,861357;9011,482924;2821,785082
5896,018856;3607,860573;782,0915928
3696,776996;9668,501983;764,4836346
2196,027931;1910,999182;128,4471584
9435,643778;8067,164685;9460,608969
5764,845632;1079,271465;512,5847727
1266,940583;4872,798893;908,6227613
3560,278349;9966,001931;9043,245606
3929,325404;9415,289623;1855,263815
3342,574047;1006,956208;1648,946489
878,8401902;7928,955787;6152,90985
1059,615486;3154,060814;2082,641291
3778,505037;2998,945923;2701,814591
6628,45111;8566,27212;7896,696173
2286,499764;1443,602296;8278,756056
5794,622999;7635,322178;1320,419369
4930,339496;2641,625769;8040,835315
6152,357045;9381,342288;4441,599179
5853,346985;9813,189536;3169,579253
8828,793913;1691,540687;7057,412686
4263,222553;9601,577608;1786,289646
1415,591643;6976,789043;2920,386109
6779,495084;863,2933631;8671,607738
7342,509317;6098,686977;3738,103122
3011,886155;3321,094729;6944,779786
4378,210898;1994,364017;3200,715652
5057,151025;8298,057583;4307,221704
3922,806926;3526,81042;4508,055399
9619,078638;3706,219965;2801,995888
5195,650802;8330,322261;6818,464711
9653,35031;4201,779092;6510,099112
7056,641099;1713,641447;4507,331003
9907,880606;173,6853538;9724,162557
7641,783926;5486,320457;3592,612767
9178,963602;2337,02789;1594,548641
8781,474962;7567,659155;2055,069385
4247,524113;1614,10503;8703,449938
9610,123907;3133,732012;4454,920239
8226,577149;3040,530443;1602,028401
8303,596242;2242,400903;1442,91561
3729,018954;8137,615664;4367,835479
9617,015469;6955,037065;2495,669525
1589,662763;2552,495898;2948,637438
5920,443198;6174,040463;6881,266458
3537,516154;1507,006391;2162,808558
6359,253122;2307,864914;891,3758592
6593,769042;1944,569939;701,3092711
7245,144911;3416,391218;6684,520937
1776,922887;6118,33393;9884,829595
5657,61713;6568,018783;1538,050709
1711,039527;5667,320395;1976,422942
369,5421239;6362,16145;3507,46251
6175,57116;9779,250091;9651,2821
8424,231015;7819,874749;9581,771177
1379,010643;3065,800083;2204,241223
6559,107209;5057,256883;8327,409149
8708,701069;5301,426765;7005,802462
7265,292066;7999,129816;652,5588234
870,9802491;1280,111322;1427,114544
3251,946195;4098,826555;3449,008785
2576,741085;8784,779167;4574,84401
3008,278542;1490,801278;7706,012048
5289,670676;7888,405193;8561,825197
9064,814721;5726,323949;8130,426307
8102,907166;3308,09525;9566,409078
4449,29037;3108,227347;1471,868502
4251,515621;4679,591926;9197,715389
8687,02292;7875,42861;699,233989
1880,021307;7122,147261;5202,363714
1682,441472;7618,562882;3231,673208
5891,570531;6795,461368;9396,763137
9004,225737;8880,646516;2440,38909
6343,249139;3053,510977;4629,481047
6841,742684;3571,730531;2018,537136
2281,07227;8710,11292;7907,521044
8025,687921;5298,796797;3514,797227
272,3411781;5812,784681;4242,058898
4732,819112;9168,834273;5112,946678
3579,689556;4904,188196;7862,21477
9053,149477;2972,312684;9659,899729
990,3071313;9374,17731;2544,637902
3354,757672;8155,425469;8245,217431
854,2759141;4150,373803;6220,207622
4010,998367;929,2645472;280,284152
3529,755091;4492,745424;1953,245488
9318,688441;1397,245942;2193,730983
403,9436535;5796,167783;3359,81363
9364,568334;848,1486054;1198,532708
3313,301411;2384,723681;365,3029762
9059,655334;6136,530683;2489,965623
3046,970053;7947,212607;3640,999827
7810,38392;7825,987023;1924,806731
5566,192935;3898,697458;2884,326594
8,940874798;1759,220962;8274,682144
3552,7869;9059,769164;7898,456035
3024,323632;616,4656498;729,3321501
9772,055916;5495,814198;4622,241615
7275,220496;5608,103003;2099,902337
2403,633488;1046,322449;5832,742772
6644,690716;2127,87641;5866,564445
8852,637047;5772,777837;1584,496739
5939,025245;4399,163411;6528,630432
6701,770467;9274,385296;6564,332751
9928,20042;7459,332664;6193,479378
472,0528685;7806,396299;1702,637563
8766,484005;1268,501835;4123,559726
5144,907535;2293,255891;6423,234822
7347,28254;7931,619427;7629,378637
2861,93902;3028,918881;5612,900382
6834,449234;6748,549398;2518,740287
4743,863068;7640,264312;4408,322733
6577,270698;5399,643583;4410,476965
5920,900145;8277,345995;2440,570164
4619,671635;5933,990813;3100,703351
4356,047734;4148,177129;3390,865812
7267,855357;5552,216462;7381,525311
9981,9911;3046,440682;318,9349799
2908,67301;7544,484241;6150,719407
6009,07058;7775,405957;2922,987087
1227,916031;5786,640325;3744,009244
8,996136377;7987,414353;748,6752627
7785,205871;9099,2037;9697,896036
464,4582833;6422,493377;2843,776824
9621,290245;5196,508932;6179,419648
8618,893814;8295,512963;6152,010061
6981,029011;9085,685009;2278,357323
1189,858457;3148,618162;5492,702114
5370,906379;976,1848074;1377,808368
1823,050862;2435,29339;3929,530565
4549,360234;5446,926894;747,9138124
8195,207099;8511,319128;3321,128705
8492,213299;3231,46493;1331,446241
5882,574958;4437,049447;4950,090774
9759,536958;5458,282702;5366,798412
3887,319739;9577,310302;2045,922566
5691,420983;1883,79565;6465,262978
8896,321154;106,4210968;3662,860616
5512,224426;3359,621456;6888,676035
3625,391261;9574,764561;7070,104971
9777,03425;1988,39129;9632,49195
7015,507296;4582,957991;9178,485831
5340,881396;4127,259991;6830,542163
1908,596143;4808,454935;9579,308407
4449,84473;6522,976274;5476,900097
3736,632129;4153,668419;6879,701682
7888,399496;5157,263274;8787,179401
3337,18511;2630,712575;8319,661526
7974,58532;5029,494736;235,1272876
7904,649895;2975,303425;951,448749
762,9599912;6694,582286;3509,132003
2774,041631;2261,492264;7892,887527
7991,896857;3995,087469;1396,100025
3958,774531;2319,330179;144,4174076
964,8062326;6806,858253;4020,193578
630,7464148;304,6691756;4849,980781
147,3884193;9018,214823;7041,105314
3260,628107;2091,844019;5960,112519
8878,870033;666,072285;3105,770508
5695,687725;5696,499915;2139,79216
6597,478537;8413,51842;1064,592016
9192,495472;9689,69712;1040,029523
907,7565355;4776,404998;5964,974281
3499,618381;8153,656622;8838,500582
2973,908392;9656,187469;2407,008826
6998,625666;6412,347006;2072,242301
7693,485949;1395,367187;5915,403691
7138,824229;3661,534487;5528,279152
6047,815792;4064,466694;8046,247465
210,4505721;3862,788204;9120,668556
1508,661457;5450,387457;4340,784734
5253,0472;7326,858302;7632,584332
4407,120114;5292,60316;1275,009795
1374,324998;9536,215186;1985,43787
9475,139466;1858,329919;6997,876261
8890,644962;7094,675806;3783,975956
785,911918;7651,080768;4397,922354
9076,122737;5092,426421;7007,419846
2632,458034;9432,871714;3246,727568
8777,126126;6638,027427;1403,910295
7101,903424;9557,8936;1258,461006
443,3011233;6855,73561;844,9438248
88,59994304;4070,615983;1514,044422
6296,697983;4759,684038;5982,914044
5948,394037;3838,408505;3538,442919
8109,537215;9063,11766;142,2621015
9182,732717;2346,961803;2138,154564
8,100346413;3600,482828;4982,434945
7112,301521;5414,948012;5984,762147
1853,129161;5236,29471;1043,644567
5796,833859;3103,250142;5253,871667
5498,671406;515,6620535;596,635808
3963,283454;8941,36659;2647,366781
9596,318988;7189,198269;8815,006496
7087,436818;3967,761929;51,83271945
2701,723871;4694,026244;2288,216853
3150,101517;4454,490451;2444,131009
2891,48286;4724,539024;3413,687943
9239,425655;7923,081922;3930,237688
1923,255396;4358,244125;2061,94529
7033,234713;6600,2866;9092,52152
9697,726516;1525,836048;479,2702233
6780,510997;6358,951919;1320,224148
1081,215497;5368,512742;4094,851994
5648,689199;5736,979245;1021,236657
6902,176054;3965,244193;9565,325968
297,6308003;1239,592576;9820,957555
6522,169036;227,1128622;5239,308399
933,9006048;3983,009879;7111,703311
5825,103964;9767,565135;9303,590322
7553,999878;7928,765926;7916,957701
3467,289967;10,07933857;3235,385006
3886,732987;96,33189091;2623,104034
6958,18296;5747,200858;5546,759201
2578,941466;9650,600585;5578,701807
4717,635376;8905,844551;2503,905706
9721,821447;9626,667044;1500,833228
4438,825864;6032,373206;6298,80553
5133,949277;560,4328192;928,7832571
5778,650778;6427,017397;9325,942789
3133,338322;2742,698694;8948,79519
7599,929681;5628,224497;9390,20367
229,9061163;5498,016974;8164,44848
9810,717524;9335,184306;4050,309946
6486,980408;6936,231522;7476,955401
8007,43943;9538,726885;1147,725812
1173,719273;2897,648505;458,0333937
6020,965693;3781,05166;2856,716078
5055,766609;8997,715441;8378,021002
9968,374833;3373,615022;2021,751081
396,3015852;9950,606125;9270,864639
5592,389618;8913,613104;7857,538358
3454,247621;2561,808846;7866,383369
8436,825978;9939,801246;3736,315464
2880,6945;6672,142087;7353,216591
8376,057863;6141,838358;5965,318053
7565,186826;2337,881406;5520,210375
7007,067918;6324,248598;6100,149446
4400,301284;9192,747386;70,6031613
4775,432356;7458,870456;7741,215333
8078,343285;5606,050261;2184,413218
8698,562775;2543,165727;2914,001845
949,5314688;5479,650614;6445,323504
2558,748398;2507,69936;4527,83244
481,103575;1010,752352;9149,078504
1732,844151;2075,771869;6707,04296
615,8497539;715,4628377;5465,477903
2553,50603;8209,625724;9141,096408
3961,832873;200,9777188;8168,870801
8408,202831;572,0330739;9123,538058
2652,315882;4550,421402;4157,587026
8319,140721;3570,285714;6968,309573
5430,377589;7655,64202;3577,301853
7391,103543;2599,927055;249,6127307
9361,501007;9450,814277;1840,232761
150,6359061;6015,958659;9432,031496
8082,217287;1758,942401;7603,147812
7573,642272;3699,001094;5442,421351
5809,373225;2429,580552;9443,372849
9740,394971;1487,659825;8003,513253
7370,234355;4565,498471;4402,550118
9628,775439;719,1690282;2727,920288
5899,910174;2891,906313;8606,060327
9232,550945;5129,553506;6255,413546
5574,026899;2336,217286;5535,584511
3516,936529;3987,047944;8602,832424
8243,845967;3508,17389;9461,86231
2171,642787;4558,767566;3225,70526
3209,392348;4590,955759;6636,502078
9803,778517;1946,358816;4218,421006
8069,693865;6859,821748;4170,81655
2624,788227;8032,948312;1776,511148
7801,441028;744,9298881;3014,870547
7497,607324;5350,637904;2516,179636
1936,18821;8300,130309;8212,640474
9917,504873;7161,299197;6504,647255
122,7652242;4623,840865;8629,235344
3549,200954;923,282625;8191,952264
2679,458899;5608,578342;9462,083165
7793,86515;8,64497653;6497,11076
8727,843076;2570,843066;9687,575622
5045,90023;7554,773632;8504,800818
8980,327508;3110,308543;3837,521892
3624,606541;655,5216828;3753,237376
5395,014315;3409,177598;8154,345476
8605,232498;5578,011252;5353,120097
9374,162268;2987,938018;6384,544098
285,2335785;1204,129803;4097,187843
3927,947882;722,6760928;6281,998152
8886,357816;7523,08318;2177,06022
3840,47253;3708,967207;7860,421617
4829,95768;9347,259001;7504,971082
2813,690472;932,2071024;8226,22208
6416,935675;4623,870633;6284,700902
3365,116459;8993,867035;7842,383554
204,0267354;5026,340535;8725,827271
460,5852617;6115,938963;1324,166859
1153,776457;7382,588281;7215,389644
4615,894507;294,3454243;7373,222948
1891,067726;8579,202201;4955,942583
6154,683747;9759,915804;4547,007972
3823,654857;2379,913219;6523,783597
8184,146283;3084,047636;4552,233906
9891,179392;8698,893693;7742,992487
7106,577022;2042,830954;65,63311728
4747,730735;5939,821279;8486,602571
9504,298584;7300,960156;1031,375372
7041,6996;2102,143771;4209,079267
7436,609537;7246,425786;3408,981523
2484,072217;5612,220944;1887,721563
9147,568326;9225,888144;4449,765031
2757,228755;9131,861916;2981,878794
8649,211943;9673,628969;5754,676354
7370,782855;4261,287249;9130,995284
4428,452575;782,5281969;4930,510174
5236,297643;941,1907932;9296,213046
3305,073104;6897,02389;2738,612277
9105,660078;6327,97225;1479,687876
8761,813097;933,7311181;8726,854418
9086,582099;4761,068266;5529,772675
186,3325017;8353,086082;6903,179485
6890,543467;2172,316631;9153,299336
8074,877255;473,5376681;8355,666608
1454,972317;9233,434652;264,4653621
6364,157943;5939,089578;2568,367509
6859,931665;9334,50334;1919,934419
2898,810203;1666,680239;6632,844521
8560,610739;4588,637492;7676,865018
234,1104764;5112,706872;6906,303602
394,2567911;3060,695195;6853,436982
2755,648606;8154,156508;5077,298112
9884,582917;4308,796566;4011,372222
4963,734218;9634,649602;5455,186739
5429,495908;7454,180208;4958,544308
2654,4505;7989,636951;5877,228207
7180,839573;1262,701638;3441,076483
9604,585018;9032,576695;6637,71132
1355,876272;3182,234976;4468,039771
4246,423321;4830,93972;1376,587688
4504,457099;8975,420554;4288,997275
9298,77456;4134,195198;8289,801903
942,4092146;8872,749056;8521,548784
1208,834337;4883,164514;1380,236828
93,54553413;2619,634717;2963,325669
4896,995984;6353,639985;5445,437245
5797,838427;8940,242774;6095,91296
5414,55568;918,8527835;8229,383262
8537,054879;2388,826129;2872,760756
4154,323363;4079,064773;6941,910599
8778,762947;2595,34299;1772,447427
6412,94111;2777,412925;4005,369726
7491,278935;4911,005603;7051,731417
5954,059329;7443,372202;2594,865024
788,102146;8820,063013;1298,251596
3999,553017;4758,893288;5549,638516
7275,317561;4156,729766;1678,694958
